name	id	coaching_history	current_team_head_coached
Rex Norris	/guid/9202a8c04000641f80000000056740a3		
Branch Bocock	/guid/9202a8c04000641f80000000011be7b9		
George Crispin	/guid/9202a8c04000641f8000000006ec140f		
Chuck Curtis	/guid/9202a8c04000641f8000000006f2758b		
Mark Ribaudo	/guid/9202a8c04000641f8000000006ec539f		
Sark Arslanian	/guid/9202a8c04000641f8000000006eba800		
Greg Knapp	/guid/9202a8c04000641f8000000004643f5d	/guid/9202a8c04000641f800000000a2db6bb	
Joker Phillips	/guid/9202a8c04000641f8000000000efcf5a		
C. A. Wynne	/guid/9202a8c04000641f8000000000ee6a19		
Randy Ball	/guid/9202a8c04000641f8000000006f7b7b6		
Harry Mackey	/guid/9202a8c04000641f8000000006c2f75d		
John Mumford	/guid/9202a8c04000641f8000000006c3b8bf		
Dick Todd	/guid/9202a8c04000641f80000000011c9349	/guid/9202a8c04000641f8000000009c7846d	
Daniel A. Reed	/guid/9202a8c04000641f8000000000c0e56e		
Larry Fedora	/guid/9202a8c04000641f8000000006b5b0f5		
Garin Higgins	/guid/9202a8c04000641f8000000006ebda8b		
Larry Mac Duff	/guid/9202a8c04000641f80000000055e443f		
Lary Kuharich	/guid/9202a8c04000641f8000000005e1a6e5		
Bob Ligashesky	/guid/9202a8c04000641f8000000006b00089		
Grant Teaff	/guid/9202a8c04000641f80000000056673d3		
Joseph Massie	/guid/9202a8c04000641f8000000006c29a57		
Bum Phillips	/guid/9202a8c04000641f80000000003c5d1d	/guid/9202a8c04000641f8000000009c785e0	
Phil Bengtson	/guid/9202a8c04000641f800000000036d449	/guid/9202a8c04000641f8000000009c77864	
Robert Neyland	/guid/9202a8c04000641f800000000053959a		
Hugo Bezdek	/guid/9202a8c04000641f8000000000929d6e	/guid/9202a8c04000641f8000000009c77dc9	
Clark Shaughnessy	/guid/9202a8c04000641f8000000000bdc3f3	/guid/9202a8c04000641f8000000009c77de1	
Jim Carlen	/guid/9202a8c04000641f8000000000f3ef45		
George Rider	/guid/9202a8c04000641f8000000000c83e4b		
Glenn Scobey Warner	/guid/9202a8c04000641f80000000006a5aea		
Mike McGee	/guid/9202a8c04000641f8000000000f30f2a		
Warren Powers	/guid/9202a8c04000641f8000000000d6d941		
Kevin Steele	/guid/9202a8c04000641f8000000000beb509		
Phil Handler	/guid/9202a8c04000641f8000000000b628d1	/guid/9202a8c04000641f8000000009c77a99	
Jack Patera	/guid/9202a8c04000641f8000000000aadab4	/guid/9202a8c04000641f8000000009c7880b	
George Wilson	/guid/9202a8c04000641f8000000000a3edd9	/guid/9202a8c04000641f8000000009c7825d	
Mike Ditka	/guid/9202a8c04000641f80000000001bb596	/guid/9202a8c04000641f8000000009c785f0,/guid/9202a8c04000641f8000000009c77363	
John Whelchel	/guid/9202a8c04000641f8000000006f2f437	/guid/9202a8c04000641f8000000009c78465	
Percy Haughton	/guid/9202a8c04000641f8000000005c27495		
Stan Parrish	/guid/9202a8c04000641f8000000000f3f1a9		
Arnie Horween	/guid/9202a8c04000641f8000000009c77bc5	/guid/9202a8c04000641f8000000009c77a69	
Woody Woodard	/guid/9202a8c04000641f8000000006f89171		
Fred Williams	/guid/9202a8c04000641f8000000006ec138b		
Alfred E. Bull	/guid/9202a8c04000641f8000000006be5e83		
Bob Spoo	/guid/9202a8c04000641f8000000006f7bd63		
George McLaren	/guid/9202a8c04000641f8000000006ec1451		
Harry Hess	/guid/9202a8c04000641f8000000006ee7ba3		
C. A. Lueder	/guid/9202a8c04000641f8000000006c29b42		
Joseph Brown	/guid/9202a8c04000641f8000000006f7bace		
Craig Fertig	/guid/9202a8c04000641f80000000046013cb		
Henry Frnka	/guid/9202a8c04000641f800000000465e3bb		
Ron Stratten	/guid/9202a8c04000641f8000000005721cb6		
Walter A. Gordon	/guid/9202a8c04000641f80000000002ea210		
Dom Capers	/guid/9202a8c04000641f80000000004ccd9c	/guid/9202a8c04000641f8000000009c77fab,/guid/9202a8c04000641f8000000009e94491	
David M. Nelson	/guid/9202a8c04000641f8000000000a7997f		
Rich Rodriguez	/guid/9202a8c04000641f800000000090f343		
Howard Jones	/guid/9202a8c04000641f80000000009b8e75		
Herb Joesting	/guid/9202a8c04000641f8000000000cc56c4		
Les Miles	/guid/9202a8c04000641f800000000053d36d		
John Harbaugh	/guid/9202a8c04000641f8000000000b13757		Baltimore Ravens
Earl Brown	/guid/9202a8c04000641f8000000000d21d3f		
George Doherty	/guid/9202a8c04000641f8000000006b2d9c0		
Ernest Jones	/guid/9202a8c04000641f80000000074a1d85		
Boyd Converse	/guid/9202a8c04000641f8000000006ee7ded		
Robert Rubel	/guid/9202a8c04000641f8000000006b82d49		
William G. Kline	/guid/9202a8c04000641f80000000047393ad		
William D. Murray	/guid/9202a8c04000641f8000000004640e63		
Harland Svare	/guid/9202a8c04000641f80000000056956cc	/guid/9202a8c04000641f8000000009c77df5,/guid/9202a8c04000641f8000000009cdd0fc	
Mike Ayers	/guid/9202a8c04000641f8000000008cef8f0		
Darren Barbier	/guid/9202a8c04000641f80000000091cd71d		
Hank Kuhlmann	/guid/9202a8c04000641f8000000009c77bcc	/guid/9202a8c04000641f8000000009c77ae1	
Chuck Moser	/guid/9202a8c04000641f8000000006b3c03d		
Milburn Smith	/guid/9202a8c04000641f8000000006b49f47		
Guy Peverly	/guid/9202a8c04000641f8000000006ee7bb9		
Jim Reid	/guid/9202a8c04000641f8000000006c0d60b		
Sol Metzger	/guid/9202a8c04000641f80000000011c2917		
Wayne Hardin	/guid/9202a8c04000641f8000000004676937		
Ed Khayat	/guid/9202a8c04000641f80000000056b9c09	/guid/9202a8c04000641f8000000009c77647	
Rick Lantz	/guid/9202a8c04000641f80000000056cece2		
Dick Stanfel	/guid/9202a8c04000641f800000000475d622	/guid/9202a8c04000641f8000000009c785dc	
Robert Winston	/guid/9202a8c04000641f8000000006f2fca5		
Lud Fiser	/guid/9202a8c04000641f8000000006edf857		
Bob McKittrick	/guid/9202a8c04000641f8000000006b354bf		
Moe Ankney	/guid/9202a8c04000641f8000000006c497d9		
Herman Olcott	/guid/9202a8c04000641f800000000473e98b		
Alex Webster	/guid/9202a8c04000641f800000000479b14f	/guid/9202a8c04000641f8000000009c7806e	
Bob Weber	/guid/9202a8c04000641f80000000045f222b		
Mark Snyder	/guid/9202a8c04000641f800000000567fc7d		
Turner Gill	/guid/9202a8c04000641f80000000008ab93d		
Tom Nugent	/guid/9202a8c04000641f8000000000a18019		
Pat Peppler	/guid/9202a8c04000641f8000000000b75bff	/guid/9202a8c04000641f8000000009c786f5	
Mickey Matthews	/guid/9202a8c04000641f800000000094d83a		
John McKay	/guid/9202a8c04000641f8000000000814645	/guid/9202a8c04000641f8000000009c77c4a	
A.F. Holste	/guid/9202a8c04000641f8000000006ee7bc4		
Norm Van Brocklin	/guid/9202a8c04000641f8000000000342152	/guid/9202a8c04000641f8000000009c7772a,/guid/9202a8c04000641f8000000009c786ed	
Pepper Rodgers	/guid/9202a8c04000641f80000000009f342a		
Jerry Pettibone	/guid/9202a8c04000641f8000000000d21a63		
Lloyd Carr	/guid/9202a8c04000641f800000000053b40e		
Bill Walsh	/guid/9202a8c04000641f800000000000aad4	/guid/9202a8c04000641f8000000009c7891f	
Rich Brooks	/guid/9202a8c04000641f8000000000804d0a	/guid/9202a8c04000641f8000000009c78715,/guid/9202a8c04000641f8000000009c77e12	
Lou Saban	/guid/9202a8c04000641f800000000021f57c		
Lamar Hunt	/guid/9202a8c04000641f80000000001de6e5		
Phillip Fulmer	/guid/9202a8c04000641f80000000006f7209		
Norm Chow	/guid/9202a8c04000641f80000000007fc640		
Ron Zook	/guid/9202a8c04000641f8000000000701c5d		
Jim Walden	/guid/9202a8c04000641f80000000045da7c7		
Jimbo Fisher	/guid/9202a8c04000641f800000000460527a		
Ray Morrison	/guid/9202a8c04000641f800000000465c91c		
Bob Voigts	/guid/9202a8c04000641f80000000045da455		
John Bridgers	/guid/9202a8c04000641f80000000056cedea		
Max Oppy	/guid/9202a8c04000641f80000000055ead3b	/guid/9202a8c04000641f800000000a190a2e	
Joel Hunt	/guid/9202a8c04000641f80000000045da38f		
Josh Cody	/guid/9202a8c04000641f80000000047392d0		
Tommy Tate	/guid/9202a8c04000641f80000000091cd745		
Gary Pinkel	/guid/9202a8c04000641f80000000008b6a1c		
Dean Pees	/guid/9202a8c04000641f8000000000a06ecc		
Dan Hawkins	/guid/9202a8c04000641f800000000090851a		
Mark Mangino	/guid/9202a8c04000641f800000000084ae70		
Carl Torbush	/guid/9202a8c04000641f8000000000952cc5		
Bret Bielema	/guid/9202a8c04000641f8000000000928978		
Bill McPeak	/guid/9202a8c04000641f800000000466a0e9	/guid/9202a8c04000641f8000000009c7847d	
Nick Holt	/guid/9202a8c04000641f80000000045ee6fe		
Hal Lahar	/guid/9202a8c04000641f8000000006c40ca8		
John Konstantinos	/guid/9202a8c04000641f8000000006f7bcea		
Emmett Stuber	/guid/9202a8c04000641f8000000006f843b6		
A. C. Jones	/guid/9202a8c04000641f8000000006c29995		
Albert Hanson	/guid/9202a8c04000641f8000000006edf7bd		
Phil Sarboe	/guid/9202a8c04000641f80000000056cec27		
William Isham Traeger	/guid/9202a8c04000641f80000000011c73bb		
Leeman Bennett	/guid/9202a8c04000641f8000000000a2e457	/guid/9202a8c04000641f8000000009c77c4e,/guid/9202a8c04000641f8000000009c786f9	
Jim Dooley	/guid/9202a8c04000641f8000000000a8412f	/guid/9202a8c04000641f8000000009c77353	
Dick Nolan	/guid/9202a8c04000641f8000000000782d10	/guid/9202a8c04000641f8000000009c7890b,/guid/9202a8c04000641f8000000009c785d8	
Mike Stoops	/guid/9202a8c04000641f800000000077f34f		
Magnus Johansson	/guid/9202a8c04000641f8000000000943c54		
Joe Vitt	/guid/9202a8c04000641f800000000089ca35	/guid/9202a8c04000641f8000000009c77e1e	
Barry Switzer	/guid/9202a8c04000641f8000000000132920	/guid/9202a8c04000641f8000000009c788af	
Mike Hankwitz	/guid/9202a8c04000641f8000000000d20781		
Ray Handley	/guid/9202a8c04000641f8000000000801b47	/guid/9202a8c04000641f8000000009c78082	
Dell Morgan	/guid/9202a8c04000641f8000000000d579da		
Bill Meek	/guid/9202a8c04000641f8000000000d793a1		
Ray Prochaska	/guid/9202a8c04000641f8000000009c77bdf	/guid/9202a8c04000641f8000000009c77bdc	
Steve Sidwell	/guid/9202a8c04000641f8000000004622474		
Bud Foster	/guid/9202a8c04000641f80000000047bb7d8		
Odus Mitchell	/guid/9202a8c04000641f800000000472540d		
Andy Ludwig	/guid/9202a8c04000641f800000000463afbb		
Don Panciera	/guid/9202a8c04000641f80000000055ad05e		
Tim Murphy	/guid/9202a8c04000641f80000000047459bd		
Mark Dantonio	/guid/9202a8c04000641f800000000463fe8b		
Phil Krueger	/guid/9202a8c04000641f80000000056b7fbd		
Mike Maser	/guid/9202a8c04000641f8000000006faafeb		
Don Carthel	/guid/9202a8c04000641f8000000006b63f9e		
Josh Boyer	/guid/9202a8c04000641f8000000006c18817		
Jim Wright	/guid/9202a8c04000641f8000000006ee7e3c		
Ivan Fears	/guid/9202a8c04000641f80000000047db547		
W.S. Bates	/guid/9202a8c04000641f80000000047478d6		
Dave Smith	/guid/9202a8c04000641f8000000006b9bb08		
Tom Lovat	/guid/9202a8c04000641f80000000074d4931		
John Lott	/guid/9202a8c04000641f8000000007363433		
Alva E. Kelley	/guid/9202a8c04000641f8000000006edf184		
Doug Marrone	/guid/9202a8c04000641f8000000006f9593c		
Jim McElwain	/guid/9202a8c04000641f800000000735b1aa		
H.D. McChesney	/guid/9202a8c04000641f8000000006ec1446		
Pete Tillman	/guid/9202a8c04000641f8000000006ee7d95		
A. Bird Glaspie	/guid/9202a8c04000641f8000000006c287c0		
Seymour \"Red\" Kelin	/guid/9202a8c04000641f8000000006c0a909		
Bill Jennings	/guid/9202a8c04000641f8000000000e55893		
Dave Campo	/guid/9202a8c04000641f80000000007fe826	/guid/9202a8c04000641f8000000009c788a6	
Bob Devaney	/guid/9202a8c04000641f800000000053210a		
Harry Gilmer	/guid/9202a8c04000641f8000000000ea82d0	/guid/9202a8c04000641f8000000009c78261	
Paul Johnson	/guid/9202a8c04000641f8000000000ddd82a		
Bobby Grayson	/guid/9202a8c04000641f8000000000e0bce4		
W. H. Britton	/guid/9202a8c04000641f8000000000d68288		
Paul J. Schissler	/guid/9202a8c04000641f8000000000d6e655	/guid/9202a8c04000641f8000000009c77a89	
Erk Russell	/guid/9202a8c04000641f8000000000eddb9c		
Skip Holtz	/guid/9202a8c04000641f800000000071edce		
William Heffelfinger	/guid/9202a8c04000641f8000000000b7c4e9		
Will Skinner	/guid/9202a8c04000641f8000000000cca60a		
Bob Stull	/guid/9202a8c04000641f8000000000d6d8c7		
Gene McDowell	/guid/9202a8c04000641f8000000006c4a11a		
Jeff Mullen	/guid/9202a8c04000641f8000000007b6bbee		
Ben Martin	/guid/9202a8c04000641f8000000006c2fd0f		
Tom Gilmore	/guid/9202a8c04000641f8000000007b4d343		
Bill Kelly	/guid/9202a8c04000641f8000000006ec25e6		
Mike Gardner	/guid/9202a8c04000641f8000000006b2a37f		
Johnny Poe	/guid/9202a8c04000641f8000000006c2f627		
Roy K. Thomas	/guid/9202a8c04000641f8000000006ee7bda		
Ralph Thacker	/guid/9202a8c04000641f8000000006c4a15c		
Ronnie Jones	/guid/9202a8c04000641f8000000006bf4cf0		
Charlie Jackson	/guid/9202a8c04000641f800000000098d858		
Bill Hess	/guid/9202a8c04000641f8000000000a4901a		
Harry Mehre	/guid/9202a8c04000641f8000000000da0f9a		
Rich Kotite	/guid/9202a8c04000641f80000000006c9bc6	/guid/9202a8c04000641f8000000009c7765f,/guid/9202a8c04000641f8000000009cdc4b1	
Larry Coker	/guid/9202a8c04000641f800000000053b3f7		
Forest Evashevski	/guid/9202a8c04000641f8000000000d212d3		
Charley Pell	/guid/9202a8c04000641f80000000008d5710		
Rocky Hager	/guid/9202a8c04000641f8000000000b213de		
Bill Fulcher	/guid/9202a8c04000641f80000000009f344b		
Luby DiMelio	/guid/9202a8c04000641f8000000000e8bcd7	/guid/9202a8c04000641f8000000009cdc8cf	
Tom Coughlin	/guid/9202a8c04000641f800000000058488e		New York Giants
Gerry Faust	/guid/9202a8c04000641f800000000051d288		
Harvey Robinson	/guid/9202a8c04000641f8000000000c9d6a9		
Jim Harbaugh	/guid/9202a8c04000641f80000000004bcf3a		
Jimmy Sharpe	/guid/9202a8c04000641f8000000000ebba48		
Steve Spurrier	/guid/9202a8c04000641f80000000003ef001	/guid/9202a8c04000641f8000000009c784a5	
Dick Crum	/guid/9202a8c04000641f8000000000c819d3		
Ernie Zampese	/guid/9202a8c04000641f80000000009f81d1		
John Barnhill	/guid/9202a8c04000641f8000000000d68180		
Mac McWorter	/guid/9202a8c04000641f80000000011c9066		
Raymond Wolf	/guid/9202a8c04000641f800000000465e357		
Ted Monachino	/guid/9202a8c04000641f80000000055d0a57		
J.W.H. Pollard	/guid/9202a8c04000641f80000000056d031d		
Gene Dahlquist	/guid/9202a8c04000641f8000000006eddb36		
G. O. Dietz	/guid/9202a8c04000641f8000000006edf7f4		
Bob Harrell	/guid/9202a8c04000641f80000000076a2a0b		
A. A. Booth	/guid/9202a8c04000641f8000000006c27b80		
Chester Brewer	/guid/9202a8c04000641f80000000047475ea		
Allyn McKeen	/guid/9202a8c04000641f80000000056b8118		
Jim Gilstrap	/guid/9202a8c04000641f8000000005e10876		
Harvey Harman	/guid/9202a8c04000641f8000000004725ac1		
Ralph Hutchinson	/guid/9202a8c04000641f8000000004725e69		
Chick Meehan	/guid/9202a8c04000641f800000000465c6eb		
Harold D. Drew	/guid/9202a8c04000641f8000000004738bb8		
Red Floyd	/guid/9202a8c04000641f8000000004670d51		
Mike Faragalli	/guid/9202a8c04000641f8000000005c0a841		
Sonny Lubick	/guid/9202a8c04000641f8000000000ce4002		
Red Cochran	/guid/9202a8c04000641f8000000007cfd92b		
Jeff Casteel	/guid/9202a8c04000641f8000000006c298ad		
James Daniel	/guid/9202a8c04000641f8000000006c0f681		
Willie Jeffries	/guid/9202a8c04000641f8000000005a9b232		
Rod Broadway	/guid/9202a8c04000641f8000000006c476fd		
Eddie Kriwiel	/guid/9202a8c04000641f8000000006ee7df8		
Sam H. Hill	/guid/9202a8c04000641f8000000006ee7c60		
Wilmer D. Elfrink	/guid/9202a8c04000641f8000000006ee7c32		
George Van Bibber	/guid/9202a8c04000641f8000000006c49e45		
Chris Thomsen	/guid/9202a8c04000641f8000000006faadaf		
Mike Gottsch	/guid/9202a8c04000641f8000000006b82efe		
Eric Mangini	/guid/9202a8c04000641f80000000009ee41a		New York Jets
Grenville Lewis	/guid/9202a8c04000641f8000000000cca591		
Mack Brown	/guid/9202a8c04000641f80000000005ebea6		
Tyrone Willingham	/guid/9202a8c04000641f8000000000480fe8		
Tom Fennell	/guid/9202a8c04000641f8000000000d6da17		
Bill Saunders	/guid/9202a8c04000641f80000000011cafbf		
Herbert McIntyre	/guid/9202a8c04000641f8000000000d74238		
Leon Fuller	/guid/9202a8c04000641f8000000006eba842		
Marcus Arroyo	/guid/9202a8c04000641f8000000007d82d09		
Chuck Pagano	/guid/9202a8c04000641f8000000007356393		
Chris Thurmond	/guid/9202a8c04000641f8000000006c25e2e		
Claude Rothgeb	/guid/9202a8c04000641f8000000006eba77c		
Bob Smith	/guid/9202a8c04000641f8000000006ec5ce8		
Larry Kramer	/guid/9202a8c04000641f8000000006ec157a		
Kevin Higgins	/guid/9202a8c04000641f8000000006ee4663		
Dick Anderson	/guid/9202a8c04000641f8000000006b80d83		
Dexter W. Draper	/guid/9202a8c04000641f8000000007d52b78		
Albert J. \"Al\" Gebert	/guid/9202a8c04000641f8000000006ee7c81		
Jimmye Laycock	/guid/9202a8c04000641f8000000006bd1126		
Manny Matsakis	/guid/9202a8c04000641f8000000006ec1590		
Brent Venables	/guid/9202a8c04000641f8000000006b0f9f8		
Tim McCarty	/guid/9202a8c04000641f8000000006b82ebc		
Jewell Wallace	/guid/9202a8c04000641f8000000006ec485c		
Charley \"Pie\" Way	/guid/9202a8c04000641f8000000000ce7f49		
Harvey R. Holmes	/guid/9202a8c04000641f80000000011c735b		
Beattie Feathers	/guid/9202a8c04000641f8000000000a725a0		
Tracy Rocker	/guid/9202a8c04000641f800000000085b8b5		
Jack Henry	/guid/9202a8c04000641f8000000000a2872c		
Doug Kenna	/guid/9202a8c04000641f8000000000e9d942		
Bob \"Bones\" Hamilton	/guid/9202a8c04000641f8000000000e2900d		
Mike Gottfried	/guid/9202a8c04000641f8000000000edc643		
Otto Wagonhurst	/guid/9202a8c04000641f8000000006c360bd		
Lynn Amedee	/guid/9202a8c04000641f8000000006ba0dc0		
John Rosenberg	/guid/9202a8c04000641f800000000472ed5d		
Milan Creighton	/guid/9202a8c04000641f8000000009c77bb1	/guid/9202a8c04000641f8000000009c77a8d	
Ray Perkins	/guid/9202a8c04000641f80000000005962f3	/guid/9202a8c04000641f8000000009c77c52,/guid/9202a8c04000641f8000000009c7807a	
Bernie Bierman	/guid/9202a8c04000641f80000000009b7f88		
Harry Agganis	/guid/9202a8c04000641f8000000000367c48		
Bob Stoops	/guid/9202a8c04000641f800000000050a29a		
Pat Behrns	/guid/9202a8c04000641f8000000000b25da9		
John Robinson	/guid/9202a8c04000641f80000000007a2cb2	/guid/9202a8c04000641f8000000009c77e0a	
E. J. Stewart	/guid/9202a8c04000641f8000000004601424		
Glenn Dobbs	/guid/9202a8c04000641f80000000009e241c		
Amos Alonzo Stagg	/guid/9202a8c04000641f80000000001e0ebf		
Tom Fears	/guid/9202a8c04000641f8000000000a2b3c6	/guid/9202a8c04000641f8000000009c785c4	
Eddie Erdelatz	/guid/9202a8c04000641f8000000000b59ce0	/guid/9202a8c04000641f8000000009d8bfc6	
Mike Archer	/guid/9202a8c04000641f8000000000c099f5		
Wade Phillips	/guid/9202a8c04000641f80000000004c7c96	/guid/9202a8c04000641f8000000009c78719,/guid/9202a8c04000641f8000000009c785e4	Dallas Cowboys
Josh Heupel	/guid/9202a8c04000641f80000000006b49db		
George Welsh	/guid/9202a8c04000641f80000000006e76e2		
David Fultz	/guid/9202a8c04000641f8000000004747658		
Andy Smith	/guid/9202a8c04000641f80000000045eb193		
Patrick Nix	/guid/9202a8c04000641f80000000047ca092		
Dick Hoak	/guid/9202a8c04000641f80000000011bf574		
Charlie Cowdrey	/guid/9202a8c04000641f8000000006c1ca8c		
James Morrison	/guid/9202a8c04000641f8000000006c29ac2		
Todd Whitten	/guid/9202a8c04000641f8000000006f9f8a3		
Jim Knowles	/guid/9202a8c04000641f80000000074df40c		
Wade Moore	/guid/9202a8c04000641f8000000006edf7de		
Cal Lee	/guid/9202a8c04000641f8000000000dcc031		
Red Hickey	/guid/9202a8c04000641f8000000000b4e5cf	/guid/9202a8c04000641f8000000009c78903	
Frank Dobson	/guid/9202a8c04000641f8000000000f0c65c		
Jason White	/guid/9202a8c04000641f8000000000ae4ae7		
Basil Hayden	/guid/9202a8c04000641f8000000000ee80bd		
Jim L. Mora	/guid/9202a8c04000641f80000000005faaf7	/guid/9202a8c04000641f8000000009c7871d	Seattle Seahawks
Jim Caldwell	/guid/9202a8c04000641f8000000000a8332a		
Ray Rhodes	/guid/9202a8c04000641f80000000004c7c7f	/guid/9202a8c04000641f8000000009c77663,/guid/9202a8c04000641f8000000009c7787c	
Sam Wyche	/guid/9202a8c04000641f80000000004a70d1	/guid/9202a8c04000641f8000000009c77c5a	
Charles Lantz	/guid/9202a8c04000641f8000000006f7bb69		
Paul Rhoads	/guid/9202a8c04000641f8000000007324b4d		
Ion Cortright	/guid/9202a8c04000641f8000000006eb4d2a		
Randy Fichtner	/guid/9202a8c04000641f8000000006c0f802		
Aldo Donelli	/guid/9202a8c04000641f8000000000e87d55	/guid/9202a8c04000641f8000000009c77dd5,/guid/9202a8c04000641f8000000009cdc8e3	
Marty Mornhinweg	/guid/9202a8c04000641f80000000007fe795	/guid/9202a8c04000641f8000000009c78289	
Fran Curci	/guid/9202a8c04000641f8000000000d57729		
Pete Elliott	/guid/9202a8c04000641f8000000000e26b54		
Harry G. Kipke	/guid/9202a8c04000641f8000000000d21196		
Jethro Franklin	/guid/9202a8c04000641f8000000000a24ce9		
Ted Cox	/guid/9202a8c04000641f8000000004640ad2		
Jeff Reinebold	/guid/9202a8c04000641f8000000005bf6375		
Marc Trestman	/guid/9202a8c04000641f8000000004802ff1		
James Kitts	/guid/9202a8c04000641f80000000047265db		
T.A. Dwight Jones	/guid/9202a8c04000641f800000000465c835		
Wayne Nunnely	/guid/9202a8c04000641f80000000047f0709		
Tommy O'Boyle	/guid/9202a8c04000641f8000000004738adc		
Bob Titchenal	/guid/9202a8c04000641f80000000047458a9		
Sam Barry	/guid/9202a8c04000641f8000000000309714		
Brad Childress	/guid/9202a8c04000641f80000000009b9cae		Minnesota Vikings
Bronco Mendenhall	/guid/9202a8c04000641f8000000000d6dbf4		
Jim Grobe	/guid/9202a8c04000641f800000000092601f		
Paul Brown	/guid/9202a8c04000641f8000000000278c07		
Lovie Smith	/guid/9202a8c04000641f80000000006eeb72		Chicago Bears
Ray Eliot	/guid/9202a8c04000641f800000000080bf32		
Larry Wilson	/guid/9202a8c04000641f8000000000538ace	/guid/9202a8c04000641f8000000009c77ad5	
Bob Ward	/guid/9202a8c04000641f8000000000cc9e8a		
Bill Hollenback	/guid/9202a8c04000641f8000000000d6dabc		
Darrell Mudra	/guid/9202a8c04000641f8000000000b2948f		
Jerry Burns	/guid/9202a8c04000641f800000000052ef1e	/guid/9202a8c04000641f8000000009c7773a	
Lindy Infante	/guid/9202a8c04000641f8000000000836455	/guid/9202a8c04000641f8000000009c77874	
Jim Thorpe	/guid/9202a8c04000641f8000000000068bcb		
Stanley A. Boles	/guid/9202a8c04000641f8000000000ee6ba9		
Roy Shivers	/guid/9202a8c04000641f8000000000d4c411		
Bob Pruett	/guid/9202a8c04000641f8000000006b1de12		
Hobbs Adams	/guid/9202a8c04000641f8000000006edf841		
Phil Danaher	/guid/9202a8c04000641f8000000006af54ba		
Scott Shafer	/guid/9202a8c04000641f8000000007322652		
Denver Johnson	/guid/9202a8c04000641f8000000006ec6605		
Elvan George	/guid/9202a8c04000641f8000000006c429fb		
Morgan Hout	/guid/9202a8c04000641f800000000765cf6c		
Greg McMackin	/guid/9202a8c04000641f8000000006f86632		
Pete McCulley	/guid/9202a8c04000641f8000000006b35522	/guid/9202a8c04000641f8000000009c78917	
D.M. Balliet	/guid/9202a8c04000641f8000000006c3f7b1		
Bruce Coslet	/guid/9202a8c04000641f800000000080071a	/guid/9202a8c04000641f8000000009cdc4a9	
Steve Fairchild	/guid/9202a8c04000641f8000000000a82f5e		
Mike Singletary	/guid/9202a8c04000641f80000000004c7d3a		San Francisco 49ers
Bill Belichick	/guid/9202a8c04000641f80000000002fb707		New England Patriots
Ray Graves	/guid/9202a8c04000641f80000000008db4ea		
Raymond Berry	/guid/9202a8c04000641f8000000000211233		
Glenn Presnell	/guid/9202a8c04000641f80000000003dfcb0		
Randy Shannon	/guid/9202a8c04000641f80000000008aec1a		
Tom Cable	/guid/9202a8c04000641f80000000047253b5		Oakland Raiders
Joe Lee Dunn	/guid/9202a8c04000641f8000000004745867		
Bo Pelini	/guid/9202a8c04000641f80000000046981b3		
Dave McGinnis	/guid/9202a8c04000641f80000000007fe9c6	/guid/9202a8c04000641f8000000009c77af1	
Bill Mallory	/guid/9202a8c04000641f800000000076f24e		
Bump Elliott	/guid/9202a8c04000641f80000000008b972f		
Tommy Hudspeth	/guid/9202a8c04000641f8000000000acd919	/guid/9202a8c04000641f8000000009c78271	
Willie Totten	/guid/9202a8c04000641f8000000000a1d65a		
Ellis Rainsberger	/guid/9202a8c04000641f8000000000d79176		
Lloyd Eaton	/guid/9202a8c04000641f8000000000d46cde		
Dale Lennon	/guid/9202a8c04000641f8000000000a433f8		
Bill Arnsparger	/guid/9202a8c04000641f8000000000a91c17	/guid/9202a8c04000641f8000000009c78072	
Roy Lester	/guid/9202a8c04000641f8000000000cc9e53		
Jim Lind	/guid/9202a8c04000641f80000000011c83c8		
Lewie Hardage	/guid/9202a8c04000641f800000000473b1b8		
Dana X. Bible	/guid/9202a8c04000641f800000000463c775		
Gus Malzahn	/guid/9202a8c04000641f80000000047d1e26		
Chip Beake	/guid/9202a8c04000641f80000000056651c3		
Ken Zampese	/guid/9202a8c04000641f800000000467af70		
Charlie Taaffe	/guid/9202a8c04000641f80000000055e1ef4		
Jess Neely	/guid/9202a8c04000641f800000000465c7e8		
Shawn Slocum	/guid/9202a8c04000641f80000000047f6589		
Carl M. Voyles	/guid/9202a8c04000641f800000000474781b		
Ryan Nielsen	/guid/9202a8c04000641f80000000046d2437		
Skip Peete	/guid/9202a8c04000641f80000000055bf8e3		
Jeff Genyk	/guid/9202a8c04000641f800000000474089e		
Gene Stallings	/guid/9202a8c04000641f800000000050c7ed	/guid/9202a8c04000641f8000000009c77add	
Ted Roof	/guid/9202a8c04000641f800000000073e04e		
Rocky Long	/guid/9202a8c04000641f800000000073ae53		
Larry Smith	/guid/9202a8c04000641f8000000000d21816		
Greg Schiano	/guid/9202a8c04000641f8000000000b34b2f		
Steve Owen	/guid/9202a8c04000641f8000000000b7070a	/guid/9202a8c04000641f8000000009c78062	
Bob Babich	/guid/9202a8c04000641f8000000000b983bf		
Sam Anno	/guid/9202a8c04000641f8000000000a24d86		
Gary Darnell	/guid/9202a8c04000641f80000000008d50af		
Warren B. Woodson	/guid/9202a8c04000641f80000000011c0f1a		
Ron Waller	/guid/9202a8c04000641f8000000005771fb7	/guid/9202a8c04000641f8000000009cdd100	
Bob Price	/guid/9202a8c04000641f8000000005c01b45		
Phil Cutchin	/guid/9202a8c04000641f80000000056b7864		
Dick Harlow	/guid/9202a8c04000641f8000000000b340aa		
Sammy Baugh	/guid/9202a8c04000641f8000000000336ce2	/guid/9202a8c04000641f8000000009cdc485,/guid/9202a8c04000641f800000000a1bb423	
Billy Brewer	/guid/9202a8c04000641f8000000000926111		
Bob Woodruff	/guid/9202a8c04000641f80000000008db660		
Bobby Williams	/guid/9202a8c04000641f8000000000d7963a		
Ed Kezirian	/guid/9202a8c04000641f80000000005e3834		
Wayne Fontes	/guid/9202a8c04000641f80000000007fe7ac	/guid/9202a8c04000641f8000000009c7827d	
P. J. Fleck	/guid/9202a8c04000641f800000000093a857		
Shane Montgomery	/guid/9202a8c04000641f8000000000bec189		
Dale Steele	/guid/9202a8c04000641f80000000008393c4		
Lou Tepper	/guid/9202a8c04000641f8000000000c60951		
Jerry Williams	/guid/9202a8c04000641f8000000000ae4fd2	/guid/9202a8c04000641f8000000009c77643	
John Pont	/guid/9202a8c04000641f80000000009564a6		
Harold Iddings	/guid/9202a8c04000641f8000000000ca61ca		
Francis Schmidt	/guid/9202a8c04000641f8000000000da0b9d		
Joe Lombardi	/guid/9202a8c04000641f8000000000a82bfa		
Jim Ringo	/guid/9202a8c04000641f80000000008315dd		
Darryl Rogers	/guid/9202a8c04000641f8000000000913d8e	/guid/9202a8c04000641f8000000009c78279	
William A. Reynolds	/guid/9202a8c04000641f800000000472ca4c		
Mike Dwojak	/guid/9202a8c04000641f80000000056b669d		
George Clark	/guid/9202a8c04000641f80000000046f0999	/guid/9202a8c04000641f8000000009c78245,/guid/9202a8c04000641f8000000009c78239	
Phillip Arbuckle	/guid/9202a8c04000641f8000000004726515		
Steve Ortmayer	/guid/9202a8c04000641f8000000005756aaf		
Lyle Setencich	/guid/9202a8c04000641f80000000011c907e		
Winfield Angus	/guid/9202a8c04000641f8000000006f7bb7f		
Lee Royer	/guid/9202a8c04000641f800000000769fda3		
Raymond A. Curfman	/guid/9202a8c04000641f80000000056d083c		
Luke Johnsos	/guid/9202a8c04000641f80000000047932b7	/guid/9202a8c04000641f8000000009c77343	
D. V. Graves	/guid/9202a8c04000641f800000000463fa8a		
Tom Dandelet	/guid/9202a8c04000641f80000000056d0bff		
Ron Middleton	/guid/9202a8c04000641f800000000566f8d2		
Ron Blaylock	/guid/9202a8c04000641f8000000006ec1493		
Ron Chismar	/guid/9202a8c04000641f8000000006ee7eaa		
Howard Lynch	/guid/9202a8c04000641f8000000006b48fea		
Norman Barry	/guid/9202a8c04000641f8000000009c77bd5	/guid/9202a8c04000641f8000000009c77a6d	
Jim Aiken	/guid/9202a8c04000641f800000000463bf1d		
James Hopper	/guid/9202a8c04000641f80000000046acbff		
Jim Sweeney	/guid/9202a8c04000641f800000000465e4ef		
Paul Bixler	/guid/9202a8c04000641f8000000000db5994		
Pat Fitzgerald	/guid/9202a8c04000641f8000000000d4fcb2		
Bob Hollway	/guid/9202a8c04000641f8000000000ad63e4	/guid/9202a8c04000641f8000000009c77ac9	
Fred von Appen	/guid/9202a8c04000641f80000000055b6faf		
Brian VanGorder	/guid/9202a8c04000641f800000000469e523		
Frank Herbold	/guid/9202a8c04000641f80000000056b7e89		
DeWayne Walker	/guid/9202a8c04000641f80000000046e7a3f		
Tommy Tuberville	/guid/9202a8c04000641f80000000004ccee4		
Bill Callahan	/guid/9202a8c04000641f80000000005d171e	/guid/9202a8c04000641f8000000009d8bff6	
Earle \"Greasy\" Neale	/guid/9202a8c04000641f800000000079a71e	/guid/9202a8c04000641f8000000009c77623	
Nick Saban	/guid/9202a8c04000641f80000000002e1b44		
Vince Dooley	/guid/9202a8c04000641f800000000061b689		
Owen Samuels	/guid/9202a8c04000641f8000000006ec13b7		
Clyde Biggers	/guid/9202a8c04000641f8000000006f7bcc9		
Jim Heacock	/guid/9202a8c04000641f8000000006ec65b8		
Wilson Matthews	/guid/9202a8c04000641f8000000006b679f7		
Dave Clawson	/guid/9202a8c04000641f8000000006f80d01		
Ken Shipp	/guid/9202a8c04000641f8000000006ede0a8	/guid/9202a8c04000641f8000000009cdc495	
Ward Haylett	/guid/9202a8c04000641f8000000006edf84c		
Forrest Douds	/guid/9202a8c04000641f8000000000e8bdc7	/guid/9202a8c04000641f8000000009cdc8cb	
Otis Douglas	/guid/9202a8c04000641f8000000000f3eca5		
Jim Leonard	/guid/9202a8c04000641f8000000000e8b411	/guid/9202a8c04000641f8000000009cdc8eb	
Charley Winner	/guid/9202a8c04000641f8000000000a54109	/guid/9202a8c04000641f8000000009cdc491,/guid/9202a8c04000641f8000000009c77ac5	
Larry Beightol	/guid/9202a8c04000641f80000000008ab784		
Hal Mumme	/guid/9202a8c04000641f80000000009be568		
John G. Griffith	/guid/9202a8c04000641f8000000000d7aed9		
Irl Tubbs	/guid/9202a8c04000641f8000000000d79bf4		
Gary Patterson	/guid/9202a8c04000641f800000000099f8ce		
George Little	/guid/9202a8c04000641f8000000000c82faf		
Mike Holovak	/guid/9202a8c04000641f8000000000a2216b	/guid/9202a8c04000641f8000000009cdc49d	
Dan McCarney	/guid/9202a8c04000641f8000000000b19902		
Carl Smith	/guid/9202a8c04000641f8000000000a83432		
Joe Glenn	/guid/9202a8c04000641f8000000000a698a3		
Hudson Houck	/guid/9202a8c04000641f8000000000c47764		
Dennis Green	/guid/9202a8c04000641f80000000004ccdc8	/guid/9202a8c04000641f8000000009c7773e,/guid/9202a8c04000641f8000000009c77af5	
Nolan Cromwell	/guid/9202a8c04000641f800000000081a856		
Wayne Millner	/guid/9202a8c04000641f8000000000b48d85	/guid/9202a8c04000641f8000000009c7762b	
Bobby Turner	/guid/9202a8c04000641f8000000000af5e8b		
Hamp Pool	/guid/9202a8c04000641f8000000000b2e92b	/guid/9202a8c04000641f8000000009c77de9	
Alpha Brumage	/guid/9202a8c04000641f8000000000ee7e1b		
George Blackburn	/guid/9202a8c04000641f8000000000c46867		
Tommy West	/guid/9202a8c04000641f8000000000cd4b13		
Darren Perry	/guid/9202a8c04000641f8000000000b2ca0b		
George Kelley	/guid/9202a8c04000641f8000000000d7b320		
Spike Dykes	/guid/9202a8c04000641f8000000000d57ab9		
Dick Tomey	/guid/9202a8c04000641f8000000000987647		
Rich Stubler	/guid/9202a8c04000641f8000000006c4320f		
Ira Pratt	/guid/9202a8c04000641f8000000006edf791		
Horace Botsford	/guid/9202a8c04000641f8000000006ec13a1		
Kevin Sumlin	/guid/9202a8c04000641f8000000006be06f0		
Hal McAfee	/guid/9202a8c04000641f800000000734ec70		
Duane Akina	/guid/9202a8c04000641f80000000055adfc3		
Richard Kent	/guid/9202a8c04000641f80000000056622ec		
Tuss McLaughry	/guid/9202a8c04000641f8000000005c27684		
Eddie Robinson	/guid/9202a8c04000641f8000000005c2c4c7		
Dante Scarnecchia	/guid/9202a8c04000641f8000000005614537		
Greg Robinson	/guid/9202a8c04000641f800000000053d378		
Fred Bennion	/guid/9202a8c04000641f800000000472649c		
Walt Kiesling	/guid/9202a8c04000641f80000000007810f1	/guid/9202a8c04000641f8000000009cdc8db,/guid/9202a8c04000641f8000000009cdc8fb,/guid/9202a8c04000641f8000000009cdc8e7	
Kay Stephenson	/guid/9202a8c04000641f8000000000802b9b		
Gregg Williams	/guid/9202a8c04000641f80000000004c7ca1		
Emmitt Thomas	/guid/9202a8c04000641f8000000000835364	/guid/9202a8c04000641f8000000009c78725	
Frank Broyles	/guid/9202a8c04000641f80000000001c8d7b		
Mike Tice	/guid/9202a8c04000641f8000000000395c7e	/guid/9202a8c04000641f8000000009c77742	
Jim Wacker	/guid/9202a8c04000641f80000000001c35e8		
Don Peden	/guid/9202a8c04000641f8000000000a48fb7		
Ray Nagel	/guid/9202a8c04000641f8000000000dcd28b		
Lisle Blackbourn	/guid/9202a8c04000641f800000000083e9fb	/guid/9202a8c04000641f8000000009c7785c	
Bo McMillin	/guid/9202a8c04000641f8000000000af4a8c	/guid/9202a8c04000641f8000000009c77627,/guid/9202a8c04000641f8000000009c78255	
Sonny Randle	/guid/9202a8c04000641f8000000000ae2343		
Jim Tatum	/guid/9202a8c04000641f8000000000cc9f5b		
Bob Blackman	/guid/9202a8c04000641f80000000009f85ab		
Robert Zuppke	/guid/9202a8c04000641f80000000005bba47		
Brian Schottenheimer	/guid/9202a8c04000641f8000000000a82ce3		
Galen Hall	/guid/9202a8c04000641f80000000008d53b5		
Ernie Nevers	/guid/9202a8c04000641f800000000034ba52	/guid/9202a8c04000641f8000000009c77a91,/guid/9202a8c04000641f8000000009c77a7d	
Clarence Spears	/guid/9202a8c04000641f8000000000cc9fee		
Carl Franks	/guid/9202a8c04000641f800000000073e0f3		
Jon Gruden	/guid/9202a8c04000641f80000000004253c5	/guid/9202a8c04000641f8000000009d8bff2	Tampa Bay Buccaneers
Andy Talley	/guid/9202a8c04000641f80000000091cd789		
Ralph Graham	/guid/9202a8c04000641f8000000000d794d7		
Eddie Cameron	/guid/9202a8c04000641f80000000006074a4		
R. C. Slocum	/guid/9202a8c04000641f8000000000952644		
Gil Haskell	/guid/9202a8c04000641f8000000000e0fd93		
Pete Carroll	/guid/9202a8c04000641f80000000002ce742	/guid/9202a8c04000641f8000000009cdc4ad	
H. F. Fisher	/guid/9202a8c04000641f8000000000d7b3b0		
Darrell Royal	/guid/9202a8c04000641f80000000002d01fd		
Ralph Young	/guid/9202a8c04000641f8000000000d79794		
Keith Gilbertson	/guid/9202a8c04000641f8000000000d21701		
Mike Donahue	/guid/9202a8c04000641f80000000011bf5c9		
Bill Fetzer	/guid/9202a8c04000641f80000000046783bb		
Jesse Harper	/guid/9202a8c04000641f8000000005c27427		
Pete Mangurian	/guid/9202a8c04000641f80000000056145fd		
Henry Schulte	/guid/9202a8c04000641f800000000463c85c		
Jack Harbaugh	/guid/9202a8c04000641f80000000047259c4		
Heartley Anderson	/guid/9202a8c04000641f80000000046782f5	/guid/9202a8c04000641f8000000009c7733f	
C. R. Williams	/guid/9202a8c04000641f800000000465a3d2		
Joe Maddock	/guid/9202a8c04000641f800000000463bfcd		
Elmer Layden	/guid/9202a8c04000641f80000000003071b1		
Sam Francis	/guid/9202a8c04000641f8000000000904015		
Jack Faber	/guid/9202a8c04000641f8000000000cca0fe		
Ralph C. Wilson Jr.	/guid/9202a8c04000641f80000000001eaf1b		
Jim Tressel	/guid/9202a8c04000641f800000000053b419		
Frank Howard	/guid/9202a8c04000641f80000000003344a4		
Nile Kinnick	/guid/9202a8c04000641f800000000051ddfc		
John McNally	/guid/9202a8c04000641f80000000007b7ad8	/guid/9202a8c04000641f8000000009cdc8d7	
Tommy Prothro	/guid/9202a8c04000641f8000000000ab473a	/guid/9202a8c04000641f8000000009cdd104,/guid/9202a8c04000641f8000000009c77dfd	
Fisher DeBerry	/guid/9202a8c04000641f8000000000889819		
Pappy Waldorf	/guid/9202a8c04000641f8000000000d43ed6		
James Phelan	/guid/9202a8c04000641f8000000004640c5e		
Dave Roberts	/guid/9202a8c04000641f80000000056ced5b		
Ed Troxel	/guid/9202a8c04000641f800000000461486f		
Tony Savage	/guid/9202a8c04000641f80000000056d06da		
Mike Barry	/guid/9202a8c04000641f80000000047f64ad		
Mike Sanford	/guid/9202a8c04000641f8000000004670f4b		
Mike Ahearn	/guid/9202a8c04000641f8000000006edf815		
Maynard O'Brien	/guid/9202a8c04000641f8000000006f7bc7c		
Leon Burtnett	/guid/9202a8c04000641f8000000006f9b4e6		
Gus Dorais	/guid/9202a8c04000641f80000000046f12ed	/guid/9202a8c04000641f8000000009c78251	
Rick Minter	/guid/9202a8c04000641f800000000463fefb		
Boyd Chambers	/guid/9202a8c04000641f800000000474691c		
Bob Evans	/guid/9202a8c04000641f8000000006eba360		
Billy P. Williamson	/guid/9202a8c04000641f8000000006edf7a7		
Fred O'Connor	/guid/9202a8c04000641f800000000732c00d	/guid/9202a8c04000641f8000000009c7891b	
Frank J. O'Neill	/guid/9202a8c04000641f8000000006f2fd3f		
Larry Brinson	/guid/9202a8c04000641f8000000006b497de		
Dave Kragthorpe	/guid/9202a8c04000641f80000000045f2257		
Pokey Allen	/guid/9202a8c04000641f8000000005727669		
Carl Snavely	/guid/9202a8c04000641f800000000473e9c2		
John Maulbetsch	/guid/9202a8c04000641f8000000005585f9a		
Todd Dodge	/guid/9202a8c04000641f8000000004712efc		
Sam Willaman	/guid/9202a8c04000641f80000000046365ac		
William Henry Dietz	/guid/9202a8c04000641f8000000000cc6a97	/guid/9202a8c04000641f8000000009c7844d	
Steve Sloan	/guid/9202a8c04000641f8000000000d57879		
Ken Hatfield	/guid/9202a8c04000641f8000000000d21c13		
Bob Valesente	/guid/9202a8c04000641f8000000000cfefb0		
Bill Dooley	/guid/9202a8c04000641f8000000000d21b1f		
Joe Steffy	/guid/9202a8c04000641f8000000000f39eba		
Larry Kelley	/guid/9202a8c04000641f80000000009486f6		
S. M. Cooke	/guid/9202a8c04000641f8000000000cca518		
Fritz Crisler	/guid/9202a8c04000641f800000000055a349		
Gary Nord	/guid/9202a8c04000641f8000000000d93369		
Wally Lemm	/guid/9202a8c04000641f8000000000a9773b	/guid/9202a8c04000641f8000000009c77ac1	
Harold Elliot	/guid/9202a8c04000641f8000000006c3eb9a		
Thurman Jones	/guid/9202a8c04000641f8000000007b5052a		
W.S. \"Billy\" Bates	/guid/9202a8c04000641f8000000006ee7bcf		
Scott Linehan	/guid/9202a8c04000641f80000000009f996f	/guid/9202a8c04000641f8000000009c77e22	
Tom Landry	/guid/9202a8c04000641f800000000014fea3	/guid/9202a8c04000641f8000000009c7886c	
Kirk Ferentz	/guid/9202a8c04000641f80000000004d8bf7		
Ken Whisenhunt	/guid/9202a8c04000641f8000000000a4e2f5		Arizona Cardinals
Ron Prince	/guid/9202a8c04000641f8000000000a6a77f		
Chris Petersen	/guid/9202a8c04000641f800000000095f632		
Ernie Davis	/guid/9202a8c04000641f8000000000811131		
Denny Stolz	/guid/9202a8c04000641f8000000000da09ce		
Don Breaux	/guid/9202a8c04000641f8000000000a80459		
Houston Nutt	/guid/9202a8c04000641f8000000000230908		
Lee McClung	/guid/9202a8c04000641f80000000011c62b0		
Bill Stewart	/guid/9202a8c04000641f8000000006f2623f		
John Lamb	/guid/9202a8c04000641f8000000006ec1375		
George Edwards	/guid/9202a8c04000641f8000000006f82d8b		
Todd Berry	/guid/9202a8c04000641f8000000006c3b89e		
Tony Franklin	/guid/9202a8c04000641f8000000006ecc653		
Bud Riley	/guid/9202a8c04000641f8000000005e19ced		
Thomas Briggs	/guid/9202a8c04000641f8000000006f7bab8		
Peter Giunta	/guid/9202a8c04000641f8000000006ebf3f2		
Jimmie Keeling	/guid/9202a8c04000641f8000000006b45eac		
Bill Austin	/guid/9202a8c04000641f8000000000842b00	/guid/9202a8c04000641f8000000009c78485,/guid/9202a8c04000641f8000000009cdc907	
Don McCafferty	/guid/9202a8c04000641f8000000000a84681	/guid/9202a8c04000641f8000000009c78269	
Bill Parcells	/guid/9202a8c04000641f80000000001c3137	/guid/9202a8c04000641f800000000a1325df,/guid/9202a8c04000641f800000000a1325ea,/guid/9202a8c04000641f800000000a1325d5,/guid/9202a8c04000641f800000000a1325cc,/guid/9202a8c04000641f8000000009c78896,/guid/9202a8c04000641f8000000009c7807e,/guid/9202a8c04000641f8000000009cdc4b5	
Mike Leach	/guid/9202a8c04000641f80000000008752b0		
Kevin Gilbride	/guid/9202a8c04000641f80000000007fe593	/guid/9202a8c04000641f8000000009cdd118	
Terry Shea	/guid/9202a8c04000641f8000000004725a32		
George Bohler	/guid/9202a8c04000641f8000000004670ccc		
Phil Bennett	/guid/9202a8c04000641f800000000463c5ff		
Damon Wetzel	/guid/9202a8c04000641f800000000820c4bc	/guid/9202a8c04000641f8000000009c77dc5	
Jerry Kill	/guid/9202a8c04000641f8000000006ec159b		
Doc Urich	/guid/9202a8c04000641f8000000006c49e87		
Victor M. Place	/guid/9202a8c04000641f8000000006f2fdce		
Charles McCarthy	/guid/9202a8c04000641f8000000000f3677a		
Tim Rose	/guid/9202a8c04000641f8000000000c2ef56		
Ed Price	/guid/9202a8c04000641f8000000000cfef79		
Tom Brookshier	/guid/9202a8c04000641f8000000000ac1178		
Bunnie Oakes	/guid/9202a8c04000641f8000000000da03d1		
Chris Ault	/guid/9202a8c04000641f80000000008c4dbe		
Andrew L. Smith	/guid/9202a8c04000641f80000000009a8c86		
H.K. Cassidy	/guid/9202a8c04000641f8000000006ee7c1c		
Pat “Gravy” Patterson	/guid/9202a8c04000641f8000000006b6bc7e		
Dave Hoover	/guid/9202a8c04000641f8000000006ec1564		
Jim Lance	/guid/9202a8c04000641f8000000006ec149e		
Steve Dunlap	/guid/9202a8c04000641f8000000006fa0fe5		
Tom Reed	/guid/9202a8c04000641f8000000000c7ea3e		
Earnest Byner	/guid/9202a8c04000641f80000000004bcaf8		
J.D. Roberts	/guid/9202a8c04000641f8000000000f3417f	/guid/9202a8c04000641f8000000009c785c8	
Bill Peterson	/guid/9202a8c04000641f8000000000bd7a9d		
William Lang	/guid/9202a8c04000641f8000000000cca3ac		
Jack Lengyel	/guid/9202a8c04000641f80000000011c032e		
Eck Curtis	/guid/9202a8c04000641f80000000076885f6		
David Lee	/guid/9202a8c04000641f80000000056becd9		
Jules V. Sikes	/guid/9202a8c04000641f8000000006c01ee1		
Leroy Brown	/guid/9202a8c04000641f8000000006c287e1		
Mike London	/guid/9202a8c04000641f8000000007321f2f		
Paul J. Davis	/guid/9202a8c04000641f8000000004676984		
Melvin Robertson	/guid/9202a8c04000641f8000000006bc865b		
Glen Harmeson	/guid/9202a8c04000641f8000000006c38dfd		
Don Lawrence	/guid/9202a8c04000641f80000000056b7bbe		
James Goff	/guid/9202a8c04000641f8000000006f7bc50		
Urban Meyer	/guid/9202a8c04000641f800000000048a943		
Jack Bicknell	/guid/9202a8c04000641f800000000095d058		
Jennings B. Whitworth	/guid/9202a8c04000641f8000000004640b14		
Al Kincaid	/guid/9202a8c04000641f8000000005e35547		
Jim Colletto	/guid/9202a8c04000641f80000000047ff55b		
Walt Harris	/guid/9202a8c04000641f800000000576f3bf		
Al Borges	/guid/9202a8c04000641f8000000005b35380		
Pete Henry	/guid/9202a8c04000641f8000000000b278fb		
Ken Meyer	/guid/9202a8c04000641f8000000000aa6919	/guid/9202a8c04000641f8000000009c78913	
Jim Lee Howell	/guid/9202a8c04000641f8000000000ac3327	/guid/9202a8c04000641f8000000009c78066	
John Rauch	/guid/9202a8c04000641f8000000000724270	/guid/9202a8c04000641f8000000009d8bfd6	
Mike Sherman	/guid/9202a8c04000641f80000000004bab1a	/guid/9202a8c04000641f8000000009c77880	
Jackie Sherrill	/guid/9202a8c04000641f8000000000a74168		
Tony Dungy	/guid/9202a8c04000641f8000000000419f39	/guid/9202a8c04000641f8000000009c77c5e	Indianapolis Colts
Andy Reid	/guid/9202a8c04000641f80000000004c7c46		Philadelphia Eagles
Wallace William Wade	/guid/9202a8c04000641f800000000073dfbf		
Xen C. Scott	/guid/9202a8c04000641f8000000000d6e610		
Keith Millard	/guid/9202a8c04000641f8000000000b3ef5f		
Howard Schnellenberger	/guid/9202a8c04000641f8000000000820a70		
John Ralston	/guid/9202a8c04000641f80000000004a91a7		
John Michelosen	/guid/9202a8c04000641f8000000000e87726	/guid/9202a8c04000641f8000000009cdc8f3	
Rick Neuheisel	/guid/9202a8c04000641f800000000076eb26		
William H. Spaulding	/guid/9202a8c04000641f8000000000da070a		
Fred J. Murphy	/guid/9202a8c04000641f8000000000ee6ac0		
J. A. Pierce	/guid/9202a8c04000641f8000000000d6048a		
Jim Mackenzie	/guid/9202a8c04000641f8000000000ce54b4		
Samuel Newton	/guid/9202a8c04000641f80000000055a2aab		
Brian Daboll	/guid/9202a8c04000641f8000000005a97907		
Jim Acree	/guid/9202a8c04000641f8000000005e40970		
Ralph Jones	/guid/9202a8c04000641f8000000000b5f720	/guid/9202a8c04000641f8000000009c77337	
Bob Snyder	/guid/9202a8c04000641f8000000000b63063	/guid/9202a8c04000641f8000000009c77ddd	
Don Coryell	/guid/9202a8c04000641f8000000000994c2a	/guid/9202a8c04000641f8000000009c77acd,/guid/9202a8c04000641f8000000009cdd108	
Tom Flores	/guid/9202a8c04000641f80000000001dd02e	/guid/9202a8c04000641f8000000009c78817,/guid/9202a8c04000641f8000000009d8bfde	
George Kerr	/guid/9202a8c04000641f8000000000e9da71		
Jim E. Mora	/guid/9202a8c04000641f80000000004caeb6	/guid/9202a8c04000641f8000000009c785e8	
Muddy Waters	/guid/9202a8c04000641f8000000000f1ccac		
Bill Michael	/guid/9202a8c04000641f8000000000d9ca89		
Mike Riley	/guid/9202a8c04000641f80000000004231cf	/guid/9202a8c04000641f8000000009cdd120	
Al Davis	/guid/9202a8c04000641f80000000001de5b5	/guid/9202a8c04000641f8000000009d8bfd2	
Doug Barfield	/guid/9202a8c04000641f8000000000d46efb		
Pop Ivy	/guid/9202a8c04000641f8000000000afde87	/guid/9202a8c04000641f8000000009c77ab9	
Abe Gibron	/guid/9202a8c04000641f8000000000a7df3f	/guid/9202a8c04000641f8000000009c77357	
Chuck Mills	/guid/9202a8c04000641f8000000000cfef55		
Lud Wray	/guid/9202a8c04000641f8000000000d44351	/guid/9202a8c04000641f8000000009c7761b,/guid/9202a8c04000641f8000000009c78449	
Chuck Knox	/guid/9202a8c04000641f8000000000802b77	/guid/9202a8c04000641f8000000009c77e0e,/guid/9202a8c04000641f8000000009c77e02,/guid/9202a8c04000641f8000000009c78813	
George Buchheit	/guid/9202a8c04000641f8000000000ee7f73		
Al Golden	/guid/9202a8c04000641f8000000000c0de69		
Ed Zaunbrecher	/guid/9202a8c04000641f8000000000affb53		
Jim McDonald	/guid/9202a8c04000641f8000000000bf07fc		
Royal Alston	/guid/9202a8c04000641f8000000000cca36a		
John Blake	/guid/9202a8c04000641f8000000000ce1715		
Glen Mason	/guid/9202a8c04000641f800000000091b235		
Jim Crowley	/guid/9202a8c04000641f8000000000c36eaf		
Jim Donnan	/guid/9202a8c04000641f8000000000d47173		
Ralph Glaze	/guid/9202a8c04000641f80000000011c0f33		
Don Strock	/guid/9202a8c04000641f80000000009bbb33		
Jeff Cravath	/guid/9202a8c04000641f8000000000d2101e		
Joe Moglia	/guid/9202a8c04000641f8000000000c0e198		
Neill Armstrong	/guid/9202a8c04000641f8000000000a7dd7f	/guid/9202a8c04000641f8000000009c7735f	
Earle Bruce	/guid/9202a8c04000641f80000000009e3018		
Tom Beck	/guid/9202a8c04000641f8000000000a05615		
Bobby April	/guid/9202a8c04000641f8000000000a82fce		
Clarence Applegran	/guid/9202a8c04000641f8000000000ee7f9f		
Eddie Robinson	/guid/9202a8c04000641f8000000000512927		
Mike Nolan	/guid/9202a8c04000641f80000000004f8670	/guid/9202a8c04000641f8000000009c7892f	
Buddy Ryan	/guid/9202a8c04000641f80000000004c7c5e	/guid/9202a8c04000641f8000000009c7765b,/guid/9202a8c04000641f8000000009c77ae9	
Robert S. \"Bob\" Carlson	/guid/9202a8c04000641f8000000006ee7d27		
Terry Donahue	/guid/9202a8c04000641f8000000000a5012e		
Mike White	/guid/9202a8c04000641f80000000007feb12	/guid/9202a8c04000641f8000000009d8bfea	
Bert Bell	/guid/9202a8c04000641f800000000000c424	/guid/9202a8c04000641f8000000009c7761f,/guid/9202a8c04000641f8000000009cdc8df	
Johnny Majors	/guid/9202a8c04000641f80000000008da0ff		
Buddy Parker	/guid/9202a8c04000641f8000000000842bf8	/guid/9202a8c04000641f8000000009c78259,/guid/9202a8c04000641f8000000009c77aa1,/guid/9202a8c04000641f8000000009cdc8ff	
Les Steckel	/guid/9202a8c04000641f800000000052eee2	/guid/9202a8c04000641f8000000009c77732	
Cam Cameron	/guid/9202a8c04000641f8000000000a83af9		
Don Shula	/guid/9202a8c04000641f80000000002f3129		
Frank Thomas	/guid/9202a8c04000641f80000000008c5c46		
Pat Narduzzi	/guid/9202a8c04000641f80000000046cb6f0		
Mouse Davis	/guid/9202a8c04000641f800000000474bdfa		
Ray Willsey	/guid/9202a8c04000641f80000000045eb1b5	/guid/9202a8c04000641f8000000009c77abd	
Dallas Ward	/guid/9202a8c04000641f8000000000d9d4b9		
Robert McNeish	/guid/9202a8c04000641f8000000000d7b39a		
Bill Wallace	/guid/9202a8c04000641f8000000000e0c1c0		
Eddie Casey	/guid/9202a8c04000641f8000000005be5a57	/guid/9202a8c04000641f8000000009c78451	
John O'Connor	/guid/9202a8c04000641f8000000004747d3b		
Fred Thomsen	/guid/9202a8c04000641f8000000004747c96		
A. W. Ehrsam	/guid/9202a8c04000641f8000000006edf79c		
Gene Mayfield	/guid/9202a8c04000641f8000000006b9b2cb		
Bob DeBesse	/guid/9202a8c04000641f8000000006bca81a		
Gil Bartosh	/guid/9202a8c04000641f8000000006af3e54		
Brad Wright	/guid/9202a8c04000641f8000000006fa55cd		
Tam Hollingshead	/guid/9202a8c04000641f8000000007683f6f		
Melvin J. \"Mel\" Binford	/guid/9202a8c04000641f8000000006ee7c97		
Tony Sparano	/guid/9202a8c04000641f8000000006f244ac		Miami Dolphins
Corky Nelson	/guid/9202a8c04000641f8000000006b54275		
Pete Lembo	/guid/9202a8c04000641f8000000006ee4679		
Frank Kimbrough	/guid/9202a8c04000641f8000000006b08c71		
James W. \"Jim\" Trimble	/guid/9202a8c04000641f8000000006ee7d1c		
Randy Sanders	/guid/9202a8c04000641f8000000006c2fa46		
Ben Wilson	/guid/9202a8c04000641f8000000006ee7e10		
Danny Rocco	/guid/9202a8c04000641f8000000006c0149b		
Gilbert Carson	/guid/9202a8c04000641f8000000006f7bba0		
Jon Heacock	/guid/9202a8c04000641f80000000056c69c4		
Red Conkright	/guid/9202a8c04000641f80000000047cf923	/guid/9202a8c04000641f8000000009d8bfce	
Clyde Smith	/guid/9202a8c04000641f800000000465a42b		
Pat Hill	/guid/9202a8c04000641f800000000090875b		
Jimmy Johnson	/guid/9202a8c04000641f80000000001db107	/guid/9202a8c04000641f8000000009c7888e	
Bear Bryant	/guid/9202a8c04000641f80000000001bb9a6	/guid/9202a8c04000641f8000000009f3d38a	
Mike Price	/guid/9202a8c04000641f80000000007ed453		
Thomas A. Clark	/guid/9202a8c04000641f8000000000ad3f22		
Joe Krivak	/guid/9202a8c04000641f8000000000cc73ad		
Turk Edwards	/guid/9202a8c04000641f8000000000b0e9c9	/guid/9202a8c04000641f8000000009c78461	
Mike Smith	/guid/9202a8c04000641f8000000000a83411		Atlanta Falcons
F. A. Dry	/guid/9202a8c04000641f8000000000d4708a		
Jerry Glanville	/guid/9202a8c04000641f80000000007fe69f	/guid/9202a8c04000641f8000000009c78709	
Bobby Jackson	/guid/9202a8c04000641f8000000006ef41cd		
Robert Brown	/guid/9202a8c04000641f8000000006c3025e		
Coach Banbury	/guid/9202a8c04000641f8000000006ee7bfb		
Noel Mazzone	/guid/9202a8c04000641f8000000006c0e186		
Gary DeLoach	/guid/9202a8c04000641f8000000007360c09		
Thornton Smallwood	/guid/9202a8c04000641f8000000006f7baad		
Jeff McInerney	/guid/9202a8c04000641f80000000074b7acb		
Cyrus E. Dietz	/guid/9202a8c04000641f8000000006edf7e9		
Jerry Moore	/guid/9202a8c04000641f80000000045da51b		
Bill Cubit	/guid/9202a8c04000641f8000000004637a44		
John McLean	/guid/9202a8c04000641f80000000055ce0e2		
Jim Butterfield	/guid/9202a8c04000641f80000000011cb04f		
John Mackovic	/guid/9202a8c04000641f80000000009c0ac1		
Chuck Amato	/guid/9202a8c04000641f8000000000553d0f		
George Young	/guid/9202a8c04000641f8000000000b3a724		
Dennis Mahan Michie	/guid/9202a8c04000641f80000000007d6c0b		
Bill Atkins	/guid/9202a8c04000641f8000000000aaee51		
Kyle Whittingham	/guid/9202a8c04000641f8000000000b190a6		
Rod Dowhower	/guid/9202a8c04000641f80000000045ee7b9		
David Elson	/guid/9202a8c04000641f8000000007339c94		
Don Clark	/guid/9202a8c04000641f80000000011c0f26		
Herman Edwards	/guid/9202a8c04000641f80000000004caee2	/guid/9202a8c04000641f8000000009cdc4bd	Kansas City Chiefs
Jack Pardee	/guid/9202a8c04000641f80000000003f82af	/guid/9202a8c04000641f8000000009c7848d,/guid/9202a8c04000641f8000000009c7735b	
Hue Jackson	/guid/9202a8c04000641f8000000000c41dd5		
Phil Dickens	/guid/9202a8c04000641f8000000000d46bcf		
Paul Hackett	/guid/9202a8c04000641f80000000009a1132		
Mike DuBose	/guid/9202a8c04000641f8000000000b06690		
Roy Kidd	/guid/9202a8c04000641f8000000000cbf98b		
Richard Williamson	/guid/9202a8c04000641f8000000000a2e68b	/guid/9202a8c04000641f8000000009c77c56	
Gene Ronzani	/guid/9202a8c04000641f800000000083ea75	/guid/9202a8c04000641f8000000009c77850	
David Cutcliffe	/guid/9202a8c04000641f8000000000952aae		
Earl Abell	/guid/9202a8c04000641f8000000000bfebdc		
Todd Grantham	/guid/9202a8c04000641f8000000000a831db		
Joe Stydahar	/guid/9202a8c04000641f80000000009f7ebf	/guid/9202a8c04000641f8000000009c77ab1,/guid/9202a8c04000641f8000000009c77de5	
Myron Witham	/guid/9202a8c04000641f8000000000d9cb39		
Doc Holliday	/guid/9202a8c04000641f8000000006ec8397		
Bob Seaman	/guid/9202a8c04000641f8000000006ec156f		
Vinny Cerrato	/guid/9202a8c04000641f800000000731e6c3		
Lamar Hoover	/guid/9202a8c04000641f8000000006ee7c48		
Joe Yukica	/guid/9202a8c04000641f80000000011c095a		
Punk Berryman	/guid/9202a8c04000641f8000000000b15f2f		
Bob Casullo	/guid/9202a8c04000641f8000000000e140d3		
Nick Skorich	/guid/9202a8c04000641f800000000093ebad	/guid/9202a8c04000641f8000000009c7763b	
Joe Gibbs	/guid/9202a8c04000641f8000000000276509	/guid/9202a8c04000641f8000000009c78491,/guid/9202a8c04000641f8000000009c784a9	
Russ Grimm	/guid/9202a8c04000641f80000000009fcca5		
Steve Mariucci	/guid/9202a8c04000641f800000000026ed57	/guid/9202a8c04000641f8000000009c7828d,/guid/9202a8c04000641f8000000009c78927	
Rick Forzano	/guid/9202a8c04000641f8000000000a8e585	/guid/9202a8c04000641f8000000009c7826d	
Mike Bellotti	/guid/9202a8c04000641f800000000049569d		
Fred Folsom	/guid/9202a8c04000641f8000000006eba2c1		
Mark Farley	/guid/9202a8c04000641f8000000006bf6b42		
Matt Simon	/guid/9202a8c04000641f8000000006b976f7		
Sam McElroy	/guid/9202a8c04000641f800000000734fb32		
Wally Bullington	/guid/9202a8c04000641f8000000006b3be0c		
H.C. Buck	/guid/9202a8c04000641f8000000006ee7bf0		
George Chaump	/guid/9202a8c04000641f8000000004676870		
W. H. Hargiss	/guid/9202a8c04000641f800000000460140d		
Bob Folwell	/guid/9202a8c04000641f800000000565a0ad	/guid/9202a8c04000641f8000000009c7804e	
Tim Walsh	/guid/9202a8c04000641f80000000056eb745		
Joe Cullen	/guid/9202a8c04000641f80000000056d7eaf		
Sid Gillman	/guid/9202a8c04000641f80000000001300e7	/guid/9202a8c04000641f8000000009cdd0f4,/guid/9202a8c04000641f8000000009c77ded	
Herman Ball	/guid/9202a8c04000641f8000000000b75752	/guid/9202a8c04000641f8000000009c78469	
Chuck Fairbanks	/guid/9202a8c04000641f8000000000a1bf95		
Ray Eklund	/guid/9202a8c04000641f8000000000ee800d		
Bart Starr	/guid/9202a8c04000641f800000000035a862	/guid/9202a8c04000641f8000000009c7786c	
Art Shell	/guid/9202a8c04000641f8000000000498639	/guid/9202a8c04000641f8000000009d8beb1,/guid/9202a8c04000641f8000000009d8bfe6	
Maurice Clarett	/guid/9202a8c04000641f80000000003234ab		
Jim Fassel	/guid/9202a8c04000641f8000000000517ed4	/guid/9202a8c04000641f8000000009c7808a	
Jeff Bowden	/guid/9202a8c04000641f8000000004692ecb		
Buck Shaw	/guid/9202a8c04000641f80000000045ee66f	/guid/9202a8c04000641f8000000009c788f7,/guid/9202a8c04000641f8000000009c77637	
Joe Salem	/guid/9202a8c04000641f80000000045da688		
Albert Exendine	/guid/9202a8c04000641f8000000004640b40		
Jerry Dalrymple	/guid/9202a8c04000641f8000000005be661d		
Bill Dole	/guid/9202a8c04000641f800000000578c6ad		
J.T. King	/guid/9202a8c04000641f8000000005583e7e		
Bill Warner	/guid/9202a8c04000641f8000000005c21926		
Elton Wieman	/guid/9202a8c04000641f8000000005c2c654		
John Marshall	/guid/9202a8c04000641f80000000011c8050		
Allie Sherman	/guid/9202a8c04000641f8000000000ece9a0	/guid/9202a8c04000641f8000000009c7806a	
Chuck Shelton	/guid/9202a8c04000641f8000000006eec93d		
Bobby Jack Wright	/guid/9202a8c04000641f8000000006f7b2bf		
Harold Railsback	/guid/9202a8c04000641f8000000006f7bad9		
Sparky Woods	/guid/9202a8c04000641f80000000074c1e1b		
Tom Young	/guid/9202a8c04000641f80000000056b7db8		
Al Molde	/guid/9202a8c04000641f80000000045d544f		
Fran Welch	/guid/9202a8c04000641f8000000006ec145c		
Kevin Bickers	/guid/9202a8c04000641f8000000006c187a9		
Shawn Watson	/guid/9202a8c04000641f8000000006ec5cf3		
Pete Reynolds	/guid/9202a8c04000641f8000000006f2fd60		
Bill Orwig	/guid/9202a8c04000641f80000000074b2e3f		
Homer Smith	/guid/9202a8c04000641f8000000006c3b871		
Rich Olson	/guid/9202a8c04000641f8000000000ca6530		
Marvin Lewis	/guid/9202a8c04000641f80000000003ce464		Cincinnati Bengals
Bob Waterfield	/guid/9202a8c04000641f800000000062c9c3	/guid/9202a8c04000641f8000000009c77df1	
Chuck Noll	/guid/9202a8c04000641f800000000034a47d	/guid/9202a8c04000641f8000000009cdc90b	
Fred Enke	/guid/9202a8c04000641f8000000000b7d378		
Ralph Friedgen	/guid/9202a8c04000641f8000000000492982		
Wes Fesler	/guid/9202a8c04000641f8000000000db4113		
Jeff Fisher	/guid/9202a8c04000641f80000000006c31dd		Tennessee Titans
Steve Logan	/guid/9202a8c04000641f800000000578d386		
Dixie Howell	/guid/9202a8c04000641f800000000465a55f		
Mike Knoll	/guid/9202a8c04000641f80000000056d07d9		
Charley Moran	/guid/9202a8c04000641f8000000000b16cc1		
Don Warren	/guid/9202a8c04000641f80000000008d1766		
Jeff Bower	/guid/9202a8c04000641f8000000000594a9f		
Biggie Munn	/guid/9202a8c04000641f8000000000aca46b		
Dous Mitchell	/guid/9202a8c04000641f8000000000d21a20		
Bob Toledo	/guid/9202a8c04000641f80000000005f02af		
Gary Crowton	/guid/9202a8c04000641f8000000000e74768		
John Fox	/guid/9202a8c04000641f80000000006f9c72		Carolina Panthers
Rick Venturi	/guid/9202a8c04000641f80000000009c24cd	/guid/9202a8c04000641f8000000009c785ec	
Sonny Grandelius	/guid/9202a8c04000641f8000000000d9d428		
David Bailiff	/guid/9202a8c04000641f80000000047c8671		
Charlie Weatherbie	/guid/9202a8c04000641f80000000046752c6		
Marchmont Schwartz	/guid/9202a8c04000641f8000000004725fb3		
Robert Winston	/guid/9202a8c04000641f800000000470fcbd		
Ed Doherty	/guid/9202a8c04000641f800000000465a4fc		
Bill Russo	/guid/9202a8c04000641f80000000091cd75d		
Fred Gillies	/guid/9202a8c04000641f8000000009423dd3	/guid/9202a8c04000641f8000000009c77a75	
Tony Mason	/guid/9202a8c04000641f8000000000da04df		
Paul Dietzel	/guid/9202a8c04000641f8000000000e40197		
Charles Melick	/guid/9202a8c04000641f8000000000cca41b		
Al Onofrio	/guid/9202a8c04000641f8000000000d21cfd		
Wesley Fry	/guid/9202a8c04000641f8000000000d7d130		
D. Leo Daley	/guid/9202a8c04000641f8000000006c33063		
Stan Hixon	/guid/9202a8c04000641f80000000055bb49b		
Gordon Wood	/guid/9202a8c04000641f8000000005711ae7		
Jack Crowe	/guid/9202a8c04000641f80000000045f21bd		
Fritz Pollard	/guid/9202a8c04000641f800000000016333d		
Mike Holmgren	/guid/9202a8c04000641f800000000049b220	/guid/9202a8c04000641f8000000009c7881f,/guid/9202a8c04000641f8000000009c77878	
Gary Kubiak	/guid/9202a8c04000641f800000000087223a		Houston Texans
Gary Blackney	/guid/9202a8c04000641f8000000006c498e6		
Bruce Chambers	/guid/9202a8c04000641f8000000006b53f05		
DeWitt Weaver	/guid/9202a8c04000641f8000000005583f91		
Theo Lemon	/guid/9202a8c04000641f8000000006bd0f2c		
Mel Tucker	/guid/9202a8c04000641f8000000006f92837		
Harry Ockerman	/guid/9202a8c04000641f8000000006c497a2		
James Pat Herron	/guid/9202a8c04000641f8000000006c32bd9		
Doug Martin	/guid/9202a8c04000641f80000000056b98e6		
Charles F. Erb	/guid/9202a8c04000641f8000000004725e3d		
George Henshaw	/guid/9202a8c04000641f80000000056d0b57		
Robb Akey	/guid/9202a8c04000641f80000000047385a9		
Ernie Hefferle	/guid/9202a8c04000641f800000000563d214	/guid/9202a8c04000641f8000000009c785d0	
Tom O'Brien	/guid/9202a8c04000641f8000000004629af0		
Bob Davie	/guid/9202a8c04000641f800000000051d162		
Dick Vermeil	/guid/9202a8c04000641f8000000000741f0c	/guid/9202a8c04000641f8000000009c77e16,/guid/9202a8c04000641f8000000009c7764f	
Charlie Waller	/guid/9202a8c04000641f800000000813c16b	/guid/9202a8c04000641f8000000009cdd0f8	
Ron Smith	/guid/9202a8c04000641f8000000000dd90bc		
Amos Foster	/guid/9202a8c04000641f8000000000e54e91		
Frank Kilroy	/guid/9202a8c04000641f8000000000c726b7		
Richie Petitbon	/guid/9202a8c04000641f80000000007fee11	/guid/9202a8c04000641f8000000009c78495	
Bill Cowher	/guid/9202a8c04000641f8000000000460bfc	/guid/9202a8c04000641f8000000009cdc90f	
John J. Tigert	/guid/9202a8c04000641f8000000000ee6be0		
Tom Holmoe	/guid/9202a8c04000641f8000000000d47125		
Edward A. Doherty	/guid/9202a8c04000641f8000000000d20903		
Marion Campbell	/guid/9202a8c04000641f80000000007fe55b	/guid/9202a8c04000641f8000000009c786f1,/guid/9202a8c04000641f8000000009c77653,/guid/9202a8c04000641f8000000009c78701	
Charley Donnelly	/guid/9202a8c04000641f8000000000cca33e		
Charles Thomas	/guid/9202a8c04000641f8000000004747cee		
Abe Martin	/guid/9202a8c04000641f800000000474538c		
Fred Goldsmith	/guid/9202a8c04000641f80000000046cc8fe		
Dudley DeGroot	/guid/9202a8c04000641f80000000045da20c	/guid/9202a8c04000641f8000000009c7845d	
George Clark	/guid/9202a8c04000641f800000000463c7f9		
Ron English	/guid/9202a8c04000641f800000000463910d		
Carmen Cozza	/guid/9202a8c04000641f80000000011cb068		
Lewis R. Freeman	/guid/9202a8c04000641f80000000011c73a3		
Clay Stapleton	/guid/9202a8c04000641f8000000000d5758d		
Guy Chamberlin	/guid/9202a8c04000641f8000000000b09f94	/guid/9202a8c04000641f8000000009c77a71	
Tony Samuel	/guid/9202a8c04000641f80000000011c486d		
Art Lewis	/guid/9202a8c04000641f8000000000be1e56	/guid/9202a8c04000641f8000000009c77dcd	
Andrew Gill	/guid/9202a8c04000641f8000000000ee6b45		
Charlie Sadler	/guid/9202a8c04000641f8000000000d46aba		
Bill Curry	/guid/9202a8c04000641f80000000009f338e		
Craig Bohl	/guid/9202a8c04000641f8000000000b20fdd		
Al Luginbill	/guid/9202a8c04000641f80000000056580d3		
Perry Moss	/guid/9202a8c04000641f80000000056d0bd3		
Don Read	/guid/9202a8c04000641f8000000004607a2f		
Jim Lookabaugh	/guid/9202a8c04000641f80000000056b7771		
Jerry Schmidt	/guid/9202a8c04000641f80000000046a2f59		
George W. Woodruff	/guid/9202a8c04000641f80000000047c6011		
Ralph Sasse	/guid/9202a8c04000641f8000000006c3b671		
Keith Smith	/guid/9202a8c04000641f8000000006f7bc92		
David Lockwood	/guid/9202a8c04000641f8000000006fa42dc		
Jay Thomas	/guid/9202a8c04000641f80000000074df34c		
Thomas Dowler	/guid/9202a8c04000641f8000000006c36207		
Chris Tormey	/guid/9202a8c04000641f8000000004694fd4		
Randy Edsall	/guid/9202a8c04000641f800000000484b4f0		
Jack Meagher	/guid/9202a8c04000641f800000000474785d		
Neil Callaway	/guid/9202a8c04000641f800000000472a266		
Norman C. Paine	/guid/9202a8c04000641f80000000045f2138		
George Terlep	/guid/9202a8c04000641f8000000005c17504		
Dana Dimel	/guid/9202a8c04000641f800000000465cf3c		
George Sanford	/guid/9202a8c04000641f8000000004725b50		
Emory Bellard	/guid/9202a8c04000641f8000000000e6a9b9		
Keith Burns	/guid/9202a8c04000641f8000000000b3d7b1		
Dick MacPherson	/guid/9202a8c04000641f80000000007adbe5		
Mike Stock	/guid/9202a8c04000641f8000000000cfe7ca		
Jerry Claiborne	/guid/9202a8c04000641f8000000000aca4fb		
Butch Davis	/guid/9202a8c04000641f80000000008007e6		
Jim Trimble	/guid/9202a8c04000641f8000000000b5e690	/guid/9202a8c04000641f8000000009c7762f	
Vince Lombardi	/guid/9202a8c04000641f800000000003ff8d	/guid/9202a8c04000641f8000000009c724ed,/guid/9202a8c04000641f8000000009c724e5	
Rick Tolley	/guid/9202a8c04000641f80000000011c0352		
Vince Gibson	/guid/9202a8c04000641f8000000000f3f145		
Roger Harring	/guid/9202a8c04000641f80000000011cb080		
Nibs Price	/guid/9202a8c04000641f80000000011c82bc		
Frank Cignetti	/guid/9202a8c04000641f80000000047a67fd		
Darrell Dickey	/guid/9202a8c04000641f8000000004725163		
Pat Morris	/guid/9202a8c04000641f80000000047f66be		
Bobby Ross	/guid/9202a8c04000641f80000000007fe5f6	/guid/9202a8c04000641f8000000009c78281,/guid/9202a8c04000641f8000000009cdd114	
Bill Doba	/guid/9202a8c04000641f8000000000783081		
Lee Corso	/guid/9202a8c04000641f80000000004f5159		
Joe Schmidt	/guid/9202a8c04000641f80000000005f47d4	/guid/9202a8c04000641f8000000009c78265	
Mike McCarthy	/guid/9202a8c04000641f80000000001c4bbf		Green Bay Packers
Frank Gansz	/guid/9202a8c04000641f80000000008c6f5b		
Hayden Fry	/guid/9202a8c04000641f80000000001ec112		
Chuck Long	/guid/9202a8c04000641f80000000006ddd23		
Frank Beamer	/guid/9202a8c04000641f80000000006d09ab		
Jimmy Conzelman	/guid/9202a8c04000641f8000000000b0e8f7	/guid/9202a8c04000641f8000000009c77a9d,/guid/9202a8c04000641f8000000009c77a95	
Dick Modzelewski	/guid/9202a8c04000641f8000000000ad1e76		
Gary Reynolds	/guid/9202a8c04000641f8000000007cfdd9b		
Keith Armstrong	/guid/9202a8c04000641f8000000006ef42f8		
Jim Bob Helduser	/guid/9202a8c04000641f8000000006fa6a2d		
Mark Richt	/guid/9202a8c04000641f800000000053d39d		
Bull Behman	/guid/9202a8c04000641f8000000000b0ccd7		
Watson Brown	/guid/9202a8c04000641f8000000000edbbdc		
Tim Lewis	/guid/9202a8c04000641f800000000064770d		
Ron Turner	/guid/9202a8c04000641f8000000000a76b97		
John Cooper	/guid/9202a8c04000641f8000000000826d57		
Wally Butts	/guid/9202a8c04000641f8000000000b250c2		
J. Winn	/guid/9202a8c04000641f8000000000ee6ae1		
Fay G. Moulton	/guid/9202a8c04000641f8000000006edf7c8		
Harold C. Ave	/guid/9202a8c04000641f8000000006f2dc9b		
Fred Honhart	/guid/9202a8c04000641f8000000006ec13e3		
Dan Allen	/guid/9202a8c04000641f80000000091cd751		
Carl Richardson	/guid/9202a8c04000641f8000000006ec254c		
Ralph Kohl	/guid/9202a8c04000641f8000000006f7bca8		
John Markey	/guid/9202a8c04000641f8000000000cca473		
Fielding Yost	/guid/9202a8c04000641f8000000000331057		
S. D. Crawford	/guid/9202a8c04000641f8000000000d7b43f		
Jeff Tedford	/guid/9202a8c04000641f800000000059240c		
Danny Ford	/guid/9202a8c04000641f80000000005a762f		
Red Strader	/guid/9202a8c04000641f8000000000b7afe2	/guid/9202a8c04000641f8000000009c788fb	
Dirk Koetter	/guid/9202a8c04000641f8000000000681022		
Joe Tiller	/guid/9202a8c04000641f80000000007bc669		
Lou Holtz	/guid/9202a8c04000641f8000000000476d14	/guid/9202a8c04000641f8000000009cdc499	
John Jenkins	/guid/9202a8c04000641f8000000000aea279		
W. J. Juneau	/guid/9202a8c04000641f8000000000ee6b18		
Darrell Bevell	/guid/9202a8c04000641f80000000007f30e5		
Chan Gailey	/guid/9202a8c04000641f80000000009f9ee2	/guid/9202a8c04000641f8000000009c7889e	
Fred Nielsen	/guid/9202a8c04000641f8000000000cca447		
Ron Vanderlinden	/guid/9202a8c04000641f8000000000cc9cb1		
George O'Leary	/guid/9202a8c04000641f80000000008bd625		
Marty Schottenheimer	/guid/9202a8c04000641f80000000004f0913	/guid/9202a8c04000641f8000000009c784a1,/guid/9202a8c04000641f8000000009cdd124	
Norb Hecker	/guid/9202a8c04000641f8000000000b831f1	/guid/9202a8c04000641f8000000009c786e9	
Don Morton	/guid/9202a8c04000641f8000000000d46e40		
Bobby Wallace	/guid/9202a8c04000641f8000000000bd15af		
Earl Blaik	/guid/9202a8c04000641f800000000072ddcf		
Jay Berwanger	/guid/9202a8c04000641f800000000018b1b9		
Dennis Parker	/guid/9202a8c04000641f8000000006b3688e		
Ed Cavanaugh	/guid/9202a8c04000641f8000000006c3b888		
Carey Bailey	/guid/9202a8c04000641f80000000074a5291		
M. B. Banks	/guid/9202a8c04000641f8000000000d68570		
James Coulter	/guid/9202a8c04000641f8000000000f0c4ad		
Dave Baldwin	/guid/9202a8c04000641f8000000000d21908		
Jock Sutherland	/guid/9202a8c04000641f8000000000a13f8a	/guid/9202a8c04000641f8000000009cdc8ef	
Curley Byrd	/guid/9202a8c04000641f8000000000785b0e		
Bennie Oosterbaan	/guid/9202a8c04000641f80000000006b1f46		
George Halas	/guid/9202a8c04000641f80000000002f0171	/guid/9202a8c04000641f8000000009c77333,/guid/9202a8c04000641f8000000009c7734f,/guid/9202a8c04000641f8000000009c77347,/guid/9202a8c04000641f8000000009c7733b	
Doc Blanchard	/guid/9202a8c04000641f8000000000841496		
Roger Thomas	/guid/9202a8c04000641f8000000000b2162f		
Stump Mitchell	/guid/9202a8c04000641f8000000000e73fe8		
Knowlton Ames	/guid/9202a8c04000641f8000000000e7b71e		
Todd Graham	/guid/9202a8c04000641f80000000047b3946		
Tony Knap	/guid/9202a8c04000641f8000000004670f77		
Bill Yung	/guid/9202a8c04000641f80000000047476c6		
Dan Mullen	/guid/9202a8c04000641f80000000046ebfff		
Len Casanova	/guid/9202a8c04000641f80000000011c601a		
E.Y. Freeland	/guid/9202a8c04000641f8000000005584180		
Walter Camp	/guid/9202a8c04000641f800000000013fd2f		
Henry Ellard	/guid/9202a8c04000641f80000000004c09c5		
John Parchman	/guid/9202a8c04000641f8000000005b066b5		
Mike DeBord	/guid/9202a8c04000641f80000000046d6563		
Tim Reynolds	/guid/9202a8c04000641f8000000005666b7c		
Dennis Erickson	/guid/9202a8c04000641f80000000007fe73c	/guid/9202a8c04000641f8000000009c7892b,/guid/9202a8c04000641f8000000009c7881b	
Ray Malavasi	/guid/9202a8c04000641f8000000000804d90	/guid/9202a8c04000641f8000000009c77e06	
George Seifert	/guid/9202a8c04000641f80000000003f2b55	/guid/9202a8c04000641f8000000009c77fb2,/guid/9202a8c04000641f8000000009c78923	
C. K. Fauver	/guid/9202a8c04000641f8000000000c9d24f		
John Madden	/guid/9202a8c04000641f8000000000dbcd41	/guid/9202a8c04000641f8000000009d8bfda	
Hal Mitchel	/guid/9202a8c04000641f8000000000d47026		
Walt Harris	/guid/9202a8c04000641f800000000059622e		
Pat Ruel	/guid/9202a8c04000641f8000000000a24c9b		
Edgar Wingard	/guid/9202a8c04000641f80000000047369a5		
Thomas Campbell	/guid/9202a8c04000641f8000000004745410		
Harry Hiestand	/guid/9202a8c04000641f80000000047f60e4		
Frank R. Burns	/guid/9202a8c04000641f80000000055a2a48		
Joe Aillet	/guid/9202a8c04000641f8000000004717dc7		
Les Koenning, Jr.	/guid/9202a8c04000641f80000000057e5886		
Brad Seely	/guid/9202a8c04000641f80000000056b312e		
Art Briles	/guid/9202a8c04000641f8000000004725578		
Terry Robiskie	/guid/9202a8c04000641f8000000000a210c3	/guid/9202a8c04000641f8000000009c7849d	
Mike Brown	/guid/9202a8c04000641f8000000000b3044a		
Bo Schembechler	/guid/9202a8c04000641f800000000038b51e		
Joe Bach	/guid/9202a8c04000641f8000000000e8bb12	/guid/9202a8c04000641f8000000009cdc8d3,/guid/9202a8c04000641f8000000009cdc8f7	
Otto Graham	/guid/9202a8c04000641f80000000002246b6	/guid/9202a8c04000641f8000000009c78481	
Jeff Jagodzinski	/guid/9202a8c04000641f80000000009e63cd		
Jeffrey Lurie	/guid/9202a8c04000641f80000000009132ca		
Ron Meyer	/guid/9202a8c04000641f80000000009c23eb		
Greg Davis	/guid/9202a8c04000641f80000000009f2805		
Don Nehlen	/guid/9202a8c04000641f80000000008a977e		
Ron Cooper	/guid/9202a8c04000641f8000000000f3f068		
Bowden Wyatt	/guid/9202a8c04000641f8000000000d57443		
Ernest Merrill	/guid/9202a8c04000641f8000000000d74103		
Ted Williams	/guid/9202a8c04000641f80000000055ccd8b		
John Bond	/guid/9202a8c04000641f8000000005e5519a		
W.J. Monilaw	/guid/9202a8c04000641f80000000055ce006		
Phil Pettey	/guid/9202a8c04000641f80000000057da08b		
Joe Kines	/guid/9202a8c04000641f8000000000c86e23		
John McVay	/guid/9202a8c04000641f8000000000c8beae	/guid/9202a8c04000641f8000000009c78076	
F. H. Peters	/guid/9202a8c04000641f8000000000cca4e1		
Tim Davis	/guid/9202a8c04000641f8000000000b09484		
Bill Battle	/guid/9202a8c04000641f8000000000bebb87		
Bill Lewis	/guid/9202a8c04000641f80000000009f33fd		
Jack Del Rio	/guid/9202a8c04000641f800000000037a16c		Jacksonville Jaguars
Will Muschamp	/guid/9202a8c04000641f8000000006b7f687		
T.H. Morrison	/guid/9202a8c04000641f8000000006ee7b98		
Leonard J. Umnus	/guid/9202a8c04000641f8000000006ee7c6b		
Jim Stanley	/guid/9202a8c04000641f80000000045ee74b		
LeRoy Andrews	/guid/9202a8c04000641f800000000565a17e	/guid/9202a8c04000641f8000000009c77a81,/guid/9202a8c04000641f8000000009c7805a	
Skip Stahley	/guid/9202a8c04000641f800000000465d654		
Cecil Isbell	/guid/9202a8c04000641f80000000046c3106	/guid/9202a8c04000641f8000000009c77aa9	
Clayton Miller	/guid/9202a8c04000641f8000000006f7bc2f		
John L. Keith	/guid/9202a8c04000641f8000000006ec6479		
Clancy Pendergast	/guid/9202a8c04000641f8000000000a7fefa		
Sean Payton	/guid/9202a8c04000641f80000000009f24ab		New Orleans Saints
Dan McGugin	/guid/9202a8c04000641f8000000000d57998		
Monte Kiffin	/guid/9202a8c04000641f800000000085631c		
Dick Farley	/guid/9202a8c04000641f8000000000c130b4		
Murray Warmath	/guid/9202a8c04000641f8000000000da08cf		
Rodney Allison	/guid/9202a8c04000641f80000000008a986d		
Fred Bruney	/guid/9202a8c04000641f8000000000b3dac8	/guid/9202a8c04000641f8000000009c77657	
Frankie Albert	/guid/9202a8c04000641f8000000000aacd73	/guid/9202a8c04000641f8000000009c788ff	
Bill McCartney	/guid/9202a8c04000641f80000000006d778c		
Mal Aldrich	/guid/9202a8c04000641f8000000000c30433		
William Alexander	/guid/9202a8c04000641f80000000007e1368		
Ray Richards	/guid/9202a8c04000641f8000000000b2555c	/guid/9202a8c04000641f8000000009c77ab5	
Jim Bates	/guid/9202a8c04000641f8000000000c1183e		
Joe Walton	/guid/9202a8c04000641f8000000000428543	/guid/9202a8c04000641f8000000009cdc4a5	
Reggie Herring	/guid/9202a8c04000641f80000000056a60d0		
Joe Kerbel	/guid/9202a8c04000641f8000000006b9b944		
Dexter Draper	/guid/9202a8c04000641f8000000006edd01c		
Scott Conley	/guid/9202a8c04000641f8000000006c0203b		
E.V. Long	/guid/9202a8c04000641f8000000006ee7be5		
Ed Lamb	/guid/9202a8c04000641f8000000006f28acd		
Kim Helton	/guid/9202a8c04000641f8000000006b9af3a		
Fred Pancoast	/guid/9202a8c04000641f800000000463c66d		
Bert Clark	/guid/9202a8c04000641f80000000056d0543		
Joe Alexander	/guid/9202a8c04000641f8000000000e7b140	/guid/9202a8c04000641f8000000009c78052	
Zora G. Clevenger	/guid/9202a8c04000641f8000000000d4ab07		
Harry Gamage	/guid/9202a8c04000641f8000000000ec8c16		
Bob Bratkowski	/guid/9202a8c04000641f8000000000a83095		
James A. \"Jim\" Myers	/guid/9202a8c04000641f80000000045f2333		
William Roper	/guid/9202a8c04000641f800000000465b5f8		
Corwin Brown	/guid/9202a8c04000641f80000000047aaf51		
Leo B. Calland	/guid/9202a8c04000641f8000000004725def		
John Karcis	/guid/9202a8c04000641f80000000046f15da	/guid/9202a8c04000641f8000000009c7824d	
Bill Edwards	/guid/9202a8c04000641f8000000005c26cb8	/guid/9202a8c04000641f8000000009c78249	
Gary Gaines	/guid/9202a8c04000641f8000000000a66dda		
J. D. Depree	/guid/9202a8c04000641f8000000000d7b4cf		
Alex Agase	/guid/9202a8c04000641f80000000009a7392		
Joe Kuharich	/guid/9202a8c04000641f80000000004edda6	/guid/9202a8c04000641f8000000009c78475,/guid/9202a8c04000641f8000000009c77aad,/guid/9202a8c04000641f8000000009c7763f	
Steve Kragthorpe	/guid/9202a8c04000641f80000000009288dd		
Leonard Allison	/guid/9202a8c04000641f80000000011c02aa		
Randy Melvin	/guid/9202a8c04000641f8000000006c07cf6		
Lester Barnard	/guid/9202a8c04000641f8000000006c4a1f6		
Jack Mitchell	/guid/9202a8c04000641f800000000473e8e6		
Greg Olson	/guid/9202a8c04000641f800000000565003d		
Brent Guy	/guid/9202a8c04000641f8000000004670ef3		
John North	/guid/9202a8c04000641f80000000081390ea	/guid/9202a8c04000641f8000000009c785cc	
Kurt Barber	/guid/9202a8c04000641f80000000046d223d		
John Thompson	/guid/9202a8c04000641f800000000472565f		
Thomas Kelly	/guid/9202a8c04000641f8000000004601492		
Pat Flaherty	/guid/9202a8c04000641f80000000046a68c6		
Bobby Collins	/guid/9202a8c04000641f8000000004726295		
Carl Storck	/guid/9202a8c04000641f800000000035ce12		
Vince Tobin	/guid/9202a8c04000641f80000000007fea09	/guid/9202a8c04000641f8000000009c77aed	
Dick Kazmaier	/guid/9202a8c04000641f8000000000948630		
Buster Ramsey	/guid/9202a8c04000641f8000000000c6ac17		
Al Saunders	/guid/9202a8c04000641f80000000007fe4bc	/guid/9202a8c04000641f8000000009cdd10c	
Weeb Ewbank	/guid/9202a8c04000641f800000000023277c	/guid/9202a8c04000641f8000000009cdc48d	
Dee Andros	/guid/9202a8c04000641f8000000000d571cc		
Hank Stram	/guid/9202a8c04000641f80000000001de6cf	/guid/9202a8c04000641f8000000009c785d4	
James J. Yeager	/guid/9202a8c04000641f80000000011c0ea2		
Jim Finks	/guid/9202a8c04000641f80000000001a7d39		
Richard Smith	/guid/9202a8c04000641f8000000000a8328c		
George Allen	/guid/9202a8c04000641f800000000045fc6a	/guid/9202a8c04000641f8000000009c78489,/guid/9202a8c04000641f8000000009c77df9	
Frank Kenly	/guid/9202a8c04000641f8000000000cca52e		
Ron Schipper	/guid/9202a8c04000641f8000000000b6d4fd		
George Hoskins	/guid/9202a8c04000641f8000000000d6da6f		
Earl \"Dutch\" Clark	/guid/9202a8c04000641f8000000000b09ee1	/guid/9202a8c04000641f8000000009c77dd1,/guid/9202a8c04000641f8000000009c7823d	
Frank Solich	/guid/9202a8c04000641f80000000005d48f2		
Bud Grant	/guid/9202a8c04000641f80000000001a7a5e	/guid/9202a8c04000641f8000000009c77736,/guid/9202a8c04000641f8000000009c7772e	
Dan Henning	/guid/9202a8c04000641f80000000007fe64f	/guid/9202a8c04000641f8000000009c786fd,/guid/9202a8c04000641f8000000009cdd110	
John McEwan	/guid/9202a8c04000641f800000000463bf96		
Bob Tyler	/guid/9202a8c04000641f800000000472523f		
Cary Brewbaker	/guid/9202a8c04000641f80000000005fe162		
Jack Elway	/guid/9202a8c04000641f8000000000d09409		
Al Groh	/guid/9202a8c04000641f800000000053b384	/guid/9202a8c04000641f8000000009cdc4b9	
Dave Wannstedt	/guid/9202a8c04000641f80000000004cb2f3	/guid/9202a8c04000641f8000000009c77367	
Kent Baer	/guid/9202a8c04000641f800000000091c485		
Ben Schwartzwalder	/guid/9202a8c04000641f800000000463fb94		
Brian Norwood	/guid/9202a8c04000641f8000000006ebecba		
Bill Spaulding	/guid/9202a8c04000641f8000000006f30123		
Myron Fuller	/guid/9202a8c04000641f8000000006c304fe		
Jack Christiansen	/guid/9202a8c04000641f80000000005c8b39	/guid/9202a8c04000641f8000000009c78907	
Jim Hanifan	/guid/9202a8c04000641f8000000000bdbf0a	/guid/9202a8c04000641f8000000009c77ad9,/guid/9202a8c04000641f8000000009c78705	
Adrian Lindsey	/guid/9202a8c04000641f8000000000d6e747		
Guy Morriss	/guid/9202a8c04000641f8000000000beb4fe		
Marv Levy	/guid/9202a8c04000641f80000000004815e0		
Blair Cherry	/guid/9202a8c04000641f80000000011ca7d8		
Brian Billick	/guid/9202a8c04000641f8000000000510226		
Randy Walker	/guid/9202a8c04000641f8000000000c25888		
Mike Martz	/guid/9202a8c04000641f80000000004c7ceb	/guid/9202a8c04000641f8000000009c77e1a	
Bobby Petrino	/guid/9202a8c04000641f80000000008be495	/guid/9202a8c04000641f8000000009c78721	
Knute Rockne	/guid/9202a8c04000641f8000000000023047	/guid/9202a8c04000641f8000000009f3d789	
Phil Savage	/guid/9202a8c04000641f80000000006669be		
Ray McLean	/guid/9202a8c04000641f800000000083eadc	/guid/9202a8c04000641f8000000009c77860,/guid/9202a8c04000641f8000000009c77858	
Stu Holcomb	/guid/9202a8c04000641f8000000000e235e7		
Jim Haslett	/guid/9202a8c04000641f80000000004caed7	/guid/9202a8c04000641f8000000009c785f4	St. Louis Rams
Vic Shealy	/guid/9202a8c04000641f800000000769a662		
Rex Darling	/guid/9202a8c04000641f8000000006f7bc66		
Ted Tollner	/guid/9202a8c04000641f8000000000d6e7ef		
Bennie Owen	/guid/9202a8c04000641f8000000000d0849d		
Charlie Ward	/guid/9202a8c04000641f8000000000573cdb		
Gil Dobie	/guid/9202a8c04000641f8000000000bfe51e		
John L. Smith	/guid/9202a8c04000641f8000000000ac898d		
Bulldog Turner	/guid/9202a8c04000641f80000000004cfad4	/guid/9202a8c04000641f8000000009cdc489	
Bobby Mitchell	/guid/9202a8c04000641f800000000051fa89		
Foge Fazio	/guid/9202a8c04000641f8000000000d847d7		
Mike Shanahan	/guid/9202a8c04000641f8000000000486d05	/guid/9202a8c04000641f8000000009d8bfe2	Denver Broncos
Mike O'Cain	/guid/9202a8c04000641f800000000465f57d		
Willis Keinholz	/guid/9202a8c04000641f8000000004670dbf		
Samuel Harding	/guid/9202a8c04000641f8000000000cca5de		
Dale Lindsey	/guid/9202a8c04000641f8000000000c3c64e		
Doug Weaver	/guid/9202a8c04000641f8000000000d57272		
Mike Gundy	/guid/9202a8c04000641f8000000000e66885		
Derek Dooley	/guid/9202a8c04000641f800000000472b7da		
Harry Jacunski	/guid/9202a8c04000641f80000000001f5c0a		
Mike Nixon	/guid/9202a8c04000641f8000000000842b4f	/guid/9202a8c04000641f8000000009cdc903,/guid/9202a8c04000641f8000000009c78479	
Jim Zorn	/guid/9202a8c04000641f80000000007bff0b		Washington Redskins
Gene Murphy	/guid/9202a8c04000641f8000000000b2190d		
Tom Moore	/guid/9202a8c04000641f8000000000a83382		
Major Applewhite	/guid/9202a8c04000641f80000000007baf73		
Paul Hines	/guid/9202a8c04000641f8000000000737aaf		
Mike McCormack	/guid/9202a8c04000641f8000000000a5895c	/guid/9202a8c04000641f8000000009c7764b,/guid/9202a8c04000641f8000000009c7880f	
Frank Leahy	/guid/9202a8c04000641f80000000003a76d9		
David McWilliams	/guid/9202a8c04000641f8000000000a74c05		
Joe Morrison	/guid/9202a8c04000641f800000000047b8ae		
Lane Kiffin	/guid/9202a8c04000641f8000000000a24ba7	/guid/9202a8c04000641f800000000a1bb471,/guid/9202a8c04000641f8000000009d8bcb8	Tennessee Volunteers football
Emmons Dunbar	/guid/9202a8c04000641f8000000000cca4b5		
Gary Spani	/guid/9202a8c04000641f8000000000849ae8		
Barry Alvarez	/guid/9202a8c04000641f80000000004ba86c		
Paddy Driscoll	/guid/9202a8c04000641f8000000000bc967e	/guid/9202a8c04000641f8000000009c77a65,/guid/9202a8c04000641f8000000009c7734b	
Kevin R. Wilson	/guid/9202a8c04000641f800000000479135d		
Rip Scherer	/guid/9202a8c04000641f800000000468ac63		
Madison A. \"Matty\" Bell	/guid/9202a8c04000641f80000000045f23d8		
Marty Feldman	/guid/9202a8c04000641f80000000047e0757	/guid/9202a8c04000641f8000000009d8bfca	
Jack Curtice	/guid/9202a8c04000641f800000000465f4ee		
Bill O'Brien	/guid/9202a8c04000641f8000000005a976b5		
Adam Walsh	/guid/9202a8c04000641f8000000005698794	/guid/9202a8c04000641f8000000009c77dd9	
Williams \"Doc\" Newton	/guid/9202a8c04000641f80000000046782a8		
Frank Cavanaugh	/guid/9202a8c04000641f80000000011ca912		
Ed Chlebek	/guid/9202a8c04000641f80000000011c2dae		
Earl Potteiger	/guid/9202a8c04000641f8000000005629531	/guid/9202a8c04000641f8000000009c78056	
W. L. Driver	/guid/9202a8c04000641f800000000465b666		
Rey Dempsey	/guid/9202a8c04000641f80000000056b809f		
Charlie Bailey	/guid/9202a8c04000641f80000000045f65ed		
Hank Foldberg	/guid/9202a8c04000641f8000000004747797		
Rex Dockery	/guid/9202a8c04000641f80000000045da568		
Allen Steckle	/guid/9202a8c04000641f80000000056b7f23		
George Babcock	/guid/9202a8c04000641f800000000474684a		
John Gutekunst	/guid/9202a8c04000641f80000000045da666		
Forrest England	/guid/9202a8c04000641f8000000006c38de7		
Vance Bedford	/guid/9202a8c04000641f8000000006f7efb7		
Ken Niumatalolo	/guid/9202a8c04000641f8000000006eb5e6d		
Red Blair	/guid/9202a8c04000641f8000000006c361c8		
Jerry Gray	/guid/9202a8c04000641f800000000051bf2d		
Dan Reeves	/guid/9202a8c04000641f80000000004cae95	/guid/9202a8c04000641f8000000009c78711,/guid/9202a8c04000641f8000000009c78086	
Doug Dickey	/guid/9202a8c04000641f80000000008db192		
Dutch Bergman	/guid/9202a8c04000641f8000000006f775f9	/guid/9202a8c04000641f8000000009c78459	
Gary Durchik	/guid/9202a8c04000641f8000000006ee5baf		
Dewey Scanlon	/guid/9202a8c04000641f8000000009c77be9	/guid/9202a8c04000641f8000000009c77a79	
Harold \"Tubby\" Raymond	/guid/9202a8c04000641f800000000054ed1d		
Woody Hayes	/guid/9202a8c04000641f80000000001b313e		
Dewey Luster	/guid/9202a8c04000641f8000000000cf7e5f		
Monte Clark	/guid/9202a8c04000641f8000000000a922b3	/guid/9202a8c04000641f8000000009c7890f,/guid/9202a8c04000641f8000000009c78275	
Terry Hoeppner	/guid/9202a8c04000641f80000000004cc387		
John Schofield	/guid/9202a8c04000641f8000000000c6831c		
Tom Rossley	/guid/9202a8c04000641f80000000008ab6f4		
Joe Novak	/guid/9202a8c04000641f80000000009243bf		
Bill Blankenship	/guid/9202a8c04000641f8000000006c49708		
Gary Barnett	/guid/9202a8c04000641f800000000093e781		
Brian Knorr	/guid/9202a8c04000641f8000000000d6d772		
Ron McBride	/guid/9202a8c04000641f8000000000f18276		
Charlie Bachman	/guid/9202a8c04000641f8000000000d2f0ca		
Don Faurot	/guid/9202a8c04000641f8000000000bcce4a		
Matt Millen	/guid/9202a8c04000641f800000000050ee1e		
Bill Ingram	/guid/9202a8c04000641f800000000460795e		
Stanley Borleske	/guid/9202a8c04000641f80000000056b800a		
Carroll Widdoes	/guid/9202a8c04000641f800000000460487e		
Tex Oliver	/guid/9202a8c04000641f800000000463bf54		
John Heisman	/guid/9202a8c04000641f800000000056d6b0		
Ed Orgeron	/guid/9202a8c04000641f8000000000603377		
Benny Friedman	/guid/9202a8c04000641f80000000005592cb	/guid/9202a8c04000641f8000000009c7805e	
Norv Turner	/guid/9202a8c04000641f80000000004c7cc9	/guid/9202a8c04000641f8000000009d8bffa,/guid/9202a8c04000641f8000000009c78499	San Diego Chargers
Charles Bidwill	/guid/9202a8c04000641f80000000005f4fe5		
Sam Rutigliano	/guid/9202a8c04000641f80000000007960d1		
Bud Wilkinson	/guid/9202a8c04000641f80000000007dab3d	/guid/9202a8c04000641f8000000009c77ad1	
Gary Moeller	/guid/9202a8c04000641f800000000057f090	/guid/9202a8c04000641f8000000009c78285	
Bruce Snyder	/guid/9202a8c04000641f80000000045da70c		
Bennie Ellender	/guid/9202a8c04000641f8000000006c38ec1		
Pete Yoder	/guid/9202a8c04000641f8000000006bd9995		
Alan Weddell	/guid/9202a8c04000641f8000000006b504da		
David Gibbs	/guid/9202a8c04000641f8000000007353baa		
Carl Reese	/guid/9202a8c04000641f8000000006f7b1ae		
Dick Coury	/guid/9202a8c04000641f8000000006bd9a2f		
Stan McGarvey	/guid/9202a8c04000641f8000000006bf52cd		
Chuck Stobart	/guid/9202a8c04000641f800000000465f4cd		
Ted Shipkey	/guid/9202a8c04000641f800000000465a5ac		
Gary Gibbs	/guid/9202a8c04000641f8000000000ce4e42		
Charlie Bradshaw	/guid/9202a8c04000641f8000000000ad808c		
Jack Burns	/guid/9202a8c04000641f8000000000c46c5f		
Gomer Jones	/guid/9202a8c04000641f8000000000ce6773		
Gene Chizik	/guid/9202a8c04000641f8000000000de1a21		
Scrappy Moore	/guid/9202a8c04000641f8000000000420ea6		
Frank Dobson	/guid/9202a8c04000641f8000000000cca075		
Chris Palmer	/guid/9202a8c04000641f800000000080081e		
Norries Wilson	/guid/9202a8c04000641f8000000000f0652c		
Joe Bugel	/guid/9202a8c04000641f80000000007fea82	/guid/9202a8c04000641f8000000009c77ae5,/guid/9202a8c04000641f8000000009d8bfee	
John Ray	/guid/9202a8c04000641f8000000000ec8b9c		
Sean McDonnell	/guid/9202a8c04000641f80000000091cd731		
Frank Shaughnessy	/guid/9202a8c04000641f8000000000cb63d5		
Kevin Bloody Wilson	/guid/9202a8c04000641f80000000008d3747		
Ray Hanson	/guid/9202a8c04000641f80000000008af621		
Forrest Gregg	/guid/9202a8c04000641f800000000052de9d	/guid/9202a8c04000641f8000000009c77870	
Dewey Warren	/guid/9202a8c04000641f800000000085730c		
Terry Allen	/guid/9202a8c04000641f8000000000d6d7ca		
Bill Snyder	/guid/9202a8c04000641f80000000004ffc57		
Lucious Selmon	/guid/9202a8c04000641f800000000482b902		
Jerry Berndt	/guid/9202a8c04000641f8000000004726583		
George Cafego	/guid/9202a8c04000641f80000000046d8e04		
Jim Hilyer	/guid/9202a8c04000641f8000000005b34930		
Rob Spence	/guid/9202a8c04000641f80000000047719f7		
Frank O'Neill	/guid/9202a8c04000641f8000000005c2c178		
Woodrow Lowe	/guid/9202a8c04000641f80000000055d2386		
Kay Dalton	/guid/9202a8c04000641f8000000005c01fd3		
Buddy Teevens	/guid/9202a8c04000641f8000000000c273cd		
Gus Henderson	/guid/9202a8c04000641f8000000000b000f6	/guid/9202a8c04000641f8000000009c78241	
Jim Johnson	/guid/9202a8c04000641f8000000000a76543		
Jack Weller	/guid/9202a8c04000641f8000000000e28965		
Chuck Studley	/guid/9202a8c04000641f80000000009c0279		
Rip Engle	/guid/9202a8c04000641f800000000057398c		
Clint Frank	/guid/9202a8c04000641f80000000009486bf		
George Sauer	/guid/9202a8c04000641f8000000000d6d84e		
Bill Yeoman	/guid/9202a8c04000641f8000000000d474bf		
Johnny Vaught	/guid/9202a8c04000641f8000000000a4fea7		
J.G. Bannon	/guid/9202a8c04000641f8000000000cca5b2		
Walt Michaels	/guid/9202a8c04000641f8000000000815468	/guid/9202a8c04000641f8000000009cdc4a1	
Brian Kelly	/guid/9202a8c04000641f8000000000f11362		
Vernon Louis Parrington	/guid/9202a8c04000641f80000000003a4034		
Dennis Franchione	/guid/9202a8c04000641f80000000007d3386		
Tom Wilson	/guid/9202a8c04000641f8000000006ba2cf3		
Keith Caywood	/guid/9202a8c04000641f8000000006ec1488		
Wilford Moore	/guid/9202a8c04000641f8000000006b41822		
Steve Goldman	/guid/9202a8c04000641f8000000005be7e0e		
Jack Chevigny	/guid/9202a8c04000641f8000000005e0d6d9	/guid/9202a8c04000641f8000000009c77a85	
Russ Cohen	/guid/9202a8c04000641f8000000004746813		
Homer Rice	/guid/9202a8c04000641f800000000474674d		
Frank Carideo	/guid/9202a8c04000641f8000000004747592		
Maurice Moulder	/guid/9202a8c04000641f80000000056d0889		
Romeo Crennel	/guid/9202a8c04000641f8000000000539cf1		Cleveland Browns
Karl Dorrell	/guid/9202a8c04000641f80000000005ec72d		
Mike Tomlin	/guid/9202a8c04000641f8000000000b2b7f0		Pittsburgh Steelers
Peter A. Carlesimo	/guid/9202a8c04000641f8000000000af36dd		
Tommy Bowden	/guid/9202a8c04000641f8000000000894716		
Dan Devine	/guid/9202a8c04000641f800000000051d293	/guid/9202a8c04000641f8000000009c77868	
Ralph Jordan	/guid/9202a8c04000641f80000000005695ba		
Mike Cavan	/guid/9202a8c04000641f8000000004738c73		
Allison Hubert	/guid/9202a8c04000641f800000000472639e		
Vic Koenning	/guid/9202a8c04000641f800000000465ceb8		
Bus Mertes	/guid/9202a8c04000641f80000000011be833		
Biff Jones	/guid/9202a8c04000641f80000000047331c1		
Dick Jauron	/guid/9202a8c04000641f80000000007fe875	/guid/9202a8c04000641f8000000009c78291,/guid/9202a8c04000641f8000000009c7736b	Buffalo Bills
William Shakespeare	/guid/9202a8c04000641f8000000000e0b321		
Jim Leavitt	/guid/9202a8c04000641f80000000005e9cf7		
Hank Ketcham	/guid/9202a8c04000641f8000000000e9dacb		
Henry L. Williams	/guid/9202a8c04000641f8000000000546b21		
Jim Criner	/guid/9202a8c04000641f8000000000c8d8ea		
Charlie Coffey	/guid/9202a8c04000641f8000000000d7b4e5		
Rod Marinelli	/guid/9202a8c04000641f80000000009f769d		Detroit Lions
Rod Rust	/guid/9202a8c04000641f8000000000801b52		
Don James	/guid/9202a8c04000641f80000000006089c2		
Tommy Mont	/guid/9202a8c04000641f8000000000cc9f03		
Mark Duffner	/guid/9202a8c04000641f8000000000cc9d98		
Dave Rader	/guid/9202a8c04000641f8000000000b3d8a6		
Rollie Dotsch	/guid/9202a8c04000641f8000000000a4ef63		
Pat Sullivan	/guid/9202a8c04000641f800000000064c80c		
Chuck Drulis	/guid/9202a8c04000641f8000000009c77bbb	/guid/9202a8c04000641f8000000009c77bb8	
Ronnie Thompson	/guid/9202a8c04000641f8000000006b351dd		
George Karras	/guid/9202a8c04000641f8000000006ee7de2		
Jack Dean	/guid/9202a8c04000641f8000000006f7bcdf		
Dave Allerdice	/guid/9202a8c04000641f8000000006edb788		
Paul Samson	/guid/9202a8c04000641f8000000006ec13cd		
John R. Bender	/guid/9202a8c04000641f8000000000d6e6a2		
Ray Flaherty	/guid/9202a8c04000641f8000000000b26e41	/guid/9202a8c04000641f8000000009c78455	
Hugh Devore	/guid/9202a8c04000641f8000000000c2621c	/guid/9202a8c04000641f8000000009c77854,/guid/9202a8c04000641f8000000009c77633	
Lew Andreas	/guid/9202a8c04000641f8000000000b69442		
John McKee	/guid/9202a8c04000641f8000000000c52952		
Curly Lambeau	/guid/9202a8c04000641f8000000000119b33	/guid/9202a8c04000641f8000000009c78471,/guid/9202a8c04000641f8000000009c77aa5,/guid/9202a8c04000641f8000000009c7784c	
June Jones	/guid/9202a8c04000641f8000000000479661	/guid/9202a8c04000641f8000000009c7870d,/guid/9202a8c04000641f8000000009cdd11c	
